title,authors,abstract,publish_text,year,publish,ref_wr,key_words,resource
计算机网络路由研究综述,闵应骅,"网络路由一直是网络的关键问题.今天的计算机网络非常庞大、高速,传载着各种多媒体信息,因此,网络路由面临新的挑战.路由算法层出不穷,目的都是为了寻找最优路径(或者满足要求的路径)来传递信息,提高服务质量,同时,提高网络整体资源利用率.该文试图综述计算机网络路由研究目前面对的问题及解决这些问题的进展,包括多计算机系统路由、有线网络路由及无线网络路由,并提出如何在计算机网络路由研究方面创新的一些看法.",,2003.0,,99,"计算机网络,有线网络,无线网络,路由",计算机网络路由研究综述.pdf
计算机网络课程教学改革与实践,刘彦保,摘 要： 目前计算机网络课程教学中教学内容与实际脱离、教学模式不适应课程特点、实验教学环节薄弱。其课程教学改革应从优化教学内容、构建新型教学模式和强化实验教学等三个方面入手。,,2006.0,,69,"计算机网络,教学改革,实验教学,教学模式",计算机网络课程教学改革与实践.pdf
计算机网络课程教学的思考与创新,陈鸣，胡谷雨，周雷...,"为了解决目前计算机网络课程教学针对性不强的问题,本文提出了对网络教学内容进行分类以更好地满足不同专业教学需求的观点。探讨了网络实验的基本功能,将网络实验分为原理验证型、实践应用型和探索研究型。分析了目前流行的网络实验几种模式及其特点,提出了新型的""分类模式""。最后,介绍了采用""分类模式""进行网络实验的成功案例。",,2008.0,,49,"计算机网络,实验,功能,分类模式",计算机网络课程教学的思考与创新.pdf
计算机网络信息安全及防护策略研究,王红梅，宗慧娟，王爱民,本文主要对计算机网络信息安全的威胁性和保护性因素进行分析，并在此基础上提供一个计算机网络信息安全防护策略，以期能对我国计算机网络信息安全防护提供有意义的借鉴和参考。,,2011.0,,60,"计算机网络,信息安全,防护策略",大数据时代计算机网络信息安全及防护策略研究.pdf
计算机网络服务质量优化方法研究综述,林闯，李寅，万剑雄,"优化方法为设计更好的计算机网络服务质量保证机制提供了有力的理论支持.相较于传统启发式的网络设计方法,优化方法可以从理论上找到问题的最优解,从而从根本上克服了启发式方法不能证明方案优劣程度的缺陷.因此,基于优化方法的机制设计与性能评价成为了当前网络服务质量领域中的一个前沿研究领域.大量的研究着眼于从优化理论的角度重新建立网络模型,按照优化理论给出的求解机制和实施方案设计网络协议.计算机网络的优化可以划分为资源分配、任务调度、网络资源部署和系统参数配置等4方面问题.对计算机网络服务质量的优化建模、求解、实施和评价成为当今研究的热点.根据最新网络服务质量优化的研究进展,文中对计算机网络服务质量研究中所涉及到的优化技术进行了研究与综述,主要包括4个方面:系统地描述了计算机网络模型优化算法的通用表达形式,并将其按照不同的方式进行分类;探讨了不同结构的优化模型对应的求解方案;对比分析了不同优化算法的实施方案,给出了方案之间的联系与区别;归纳了计算机网络中优化方案的性能和代价评价方法.最后,对全文进行了总结,并展望了进一步的研究方向.",,2011.0,,86,"服务质量,优化模型,资源配置,任务调度,性能评价",计算机网络服务质量优化方法研究综述.pdf
提高计算机网络可靠性的方法研究,张晓杰，姜同敏，王晓峰,"为研究提高计算机网络可靠性的方法,研究建设高可靠计算机网络的途径,满足国民经济和社会生活对高可靠计算机网络的需要,在简要介绍计算机网络发展现状的基础上,从工程实践角度总结出计算机网络的可靠性设计原则,并通过某单位计算机网络的硬件设计实例,提出了完整的网络系统硬件可靠性设计方案.通过结合莱研究所计算机网络的软件设计实例,提出了一套网络系统的软件可靠性设计方法.该可靠性设计技术对提高计算机网络的可靠性设计水平具有参考价值.",,2010.0,,109,"计算机网络,网络可靠性,局域网络,服务器机群,防火墙系统",提高计算机网络可靠性的方法研究.pdf
计算机网络教学研究,李成忠,"介绍和研究了我们在""《计算机网络》课程教学内容体系改革与实验环境建设研究""项目中有关加强教材建设的必要性的指导思想。并提出了将《计算机网络原理与设计》一书用于不同教学对象时的教学计划建议。",,2004.0,,98,"计算机网络,教学研究,教学计划",计算机网络教学研究.pdf
计算机网络模拟方法与工具,雷擎，王行刚,"在计算机网络研究中 ,模拟是一种快速而经济的重要研究手段 ,而网络模拟的有效性和精确性取决于网络模拟软件工具的性能。本文着重探讨了研究与开发网络模拟工具的方法 ,并基于前面分析与研究的结果 ,提出了网络模拟工具的体系结构 ,以满足网络模拟研究的需要 ,同时定义了其各部分功能。本文中还简要介绍了一些现有的成功网络模拟软件工具",,2001.0,,123,"网络模拟,网络模拟工具,体系结构,网络建模",计算机网络模拟方法与工具.pdf
计算机网络安全性分析建模研究,张涛，胡铭曾，云晓春...,"摘 要： 安全性分析研究工作需要把计算机网络与安全相关的系统资源和安全因素抽取出来建立一种面向安全性分析的安全模型.从安全需求的类别、等级和面临的主要威胁出发,分析了系统设备、访问权限、主体连接关系和弱点,从攻击者目的是提升特权的角度对攻击作了形式化的描述.针对计算机系统的安全故障树方法和网络信息系统的攻击图方法应用了这一安全分析建模工作.",,2005.0,,57,"计算机网络安全,安全模型,弱点,攻击,故障树,攻击图",计算机网络安全性分析建模研究.pdf
计算机网络入侵检测系统的研究,周建国，曹庆国，赵庆军,"入侵检测是近年来网络安全研究的热点之一,该文简述了入侵检测研究的背景和意义,介绍了入侵的定义和入侵检测的分类,对比分析了各种入侵检测方法和入侵检测系统的体系结构的优缺点,最后指出了今后入侵检测的研究方向.",,2003.0,,85,"入侵检测,网络安全,计算机安全",计算机网络入侵检测系统的研究.pdf
试论计算机网络的道德问题,周宏,"现在我们已经进入一个网络的时代。计算机网络的广泛使用引起了社会生活各个方面的革命性变革。从伦理学的角度看 ,计算机网络的使用对道德的发展既起着促进的作用 ,同时又引发一系列的道德新问题。如何合理地使用网络 ,充分发挥网络的功能 ,建立一定的网络道德规范体系是极为必要的。这不仅是计算机网络发展的内在要求 ,也是人类道德进一步发展的需要。",,2000.0,,80,"计算机网络,道德,交往,道德主体,道德规范",试论计算机网络的道德问题.pdf
计算机网络的一种实体安全体系结构,段海新，吴建平,摘 要： 提出了计算机网络的一种实体安全体系结构（ESA）。文中描述了计算机网络的组成实体，并讨论了各实体的安全功能分配。基于ESA，提出了基于政策的安全管理（PBSM）的概念，其中包括三层安全政策的定义：组织抽象安全政策、全局自动完全政策、局部可执行安全政策，并提出了PBSM的三个管理环节：制定、实施与验证，把网络作为一个整体来管理，实现安全管理的系统化和自动化。应用实体安全体系结构，分析了现有网络安全服务的不足和安全管理中存在的问题，指出了实现ESA的进一步研究工作。,,,,56,"计算机网络,安全体系结构,安全政策,防火墙",计算机网络的一种实体安全体系结构.pdf
计算机网络中学生间社会性交互的规律,陈丽,"本研究的目的是总结和发现计算机网络环境中社会性交互的规律。研究方法是基于丰富案例的归纳概括和理论抽象。研究结果共包括四个方面的内容:第一、计算机网络作为教学交互系统的交互性;第二、计算机网络环境中社会性交互的特点;第三、计算机网络环境中有效社会性交互的特征;第四、影响计算机网络环境中社会性交互的因素分析模型。作者希望,该研究成果能够指导实践者设计有效的社会性交互活动;并能够为深入研究社会性交互规律提供理论基础和重要参考。",,2004.0,,65,"计算机网络,社会性交互,因素分析模型",计算机网络中学生间社会性交互的规律.pdf
计算机网络安全体系的一种框架结构及其应用,段海新，吴建平,文章首先给出计算机网络安全体系结构相关概念的定义，然后从安全需求的角度提出了计算机网络安全体系的一种框架结构。通过分析各种安全服务之间的依赖关系，提出一种按照安全服务安全机制的强度对网络安全进行分类和分级的方法；结合 ＩＰＳｅｃ和 ＳＳＬ，分析了 ＴＣＰ／ＩＰ协议体系各层的安全机制，提出了实现安全服务和安全管理的协议层实体模型；最后给出了单元安全技术在安全体系结构中的位置，并论述了该框架结构在实际网络工程安全设计中的应用。,,2000.0,,72,"计算机网络,安全体系结构,框架结构,TCP/IP协议",计算机网络安全体系的一种框架结构及其应用.pdf
计算机网络实验教学研究,李成忠，张新有，贾真,"摘 要： 针对计算机网络实验条件差这一状况,作者结合实际情况,编写了实验教材和网络实验环境的建设方案,并在以下几个方面提高学生的专业能力:分析软、硬件产品的能力;维修软、硬件产品的能力;设计软、硬件和试验开发的能力;学习、掌握和应用现有设备的能力,特别是组织构造系统应用环境的集成能力.为此,计算机网络实验教材应将计算机网络的理论基础与实验教学内容有机地组织起来,以适应社会发展的需要.",,2005.0,,62,"计算机网络,实验教学,网络实验环境",计算机网络实验教学研究.pdf
计算机网络攻击效果评估技术研究,张义荣，鲜明，赵志超...,"计算机网络攻击效果评估技术是信息系统安全评估中一个重要而具有挑战性的课题.目前,相关的理论尚不成熟,有关的研究报道较少.简要总结了当前已经存在的主要信息安全的评估方法,在此基础上,从便于实际度量和计算的角度出发,提出了基于网络信息熵的评估技术、基于系统安全层次分析的安全评估框架和基于指标分析的网络攻击效果综合评估技术等三种评估模型,并分析了各自在使用中应注意的问题.",,2002.0,,93,"网络安全,攻击效果评估,网络熵,安全指标,层次分析法(AHP)",计算机网络攻击效果评估技术研究.pdf
计算机网络信息安全及防护策略研究,彭珺，高珺,"随着网络的飞速发展,网络信息安全也越来越受到人们的重视。通过对威胁网络信息安全因素的分析,进而提出了五种常用计算机网络信息安全防护策略,并对网络信息安全发展进行了展望—形成网络信息安全防护体系。",,2011.0,,179,"计算机网络,网络信息安全,安全威胁,防范措施,安全防护体系",大数据时代计算机网络信息安全及防护策略研究.pdf
计算机网络上数字传输的版权问题研究,袁泳,"正 计算机网络上的数字传输(digital transmission),是传播技术史上的一大变革。数字传输是指通过计算机网络把信息从一个地方送到另一个地方。数字传输与传统的广播相比,节目播放者和节目接收者之间主动和被动的关系不同。",,1998.0,,88,"数字传输,计算机网络,版权人,复制件,版权法,作品,计算机显示器,版权问题,伯尔尼公约,精神权利",计算机网络上数字传输的版权问题研究.pdf
计算机网络安全技术浅析,王秀和，杨明,"本文在介绍计算机网络安全概述的基础上,分析了计算机网络安全威胁产生的原因及方式,提出了计算机网络安全的防范措施.",,2007.0,,112,"网络,网络安全,措施",计算机网络安全技术浅析.pdf
计算机网络技术实验教学设计,徐建东，王海燕,计算机网络技术实验教学的设计包括分层次的实验教学目标体系的确定;新颖、实用的实验教学内容的选择;灵活、自主的实验教学过程的设计;合理、有效的实验教学效果评价等4个方面.同时提出了实验教学实施的平台和实验室环境要求.,,,,80,"计算机网络技术,实验教学设计,综合实践能力",计算机网络技术实验教学设计.pdf
浅析计算机网络安全防范措施,杨光，李非非，杨洋,"网络安全问题和网络犯罪的不断出现使网络使用者对关于网络安全的探讨也越来越重视,本文基于对计算机网络安全方面存在的问题,通过对信息泄露的途径、网络攻击手段的分析,探讨了计算机网络的安全管理,提出了网络安全防范的措施。",,2011.0,,113,"计算机,网络安全,防范",浅析计算机网络安全防范措施.pdf
计算机网络安全中的防火墙技术应用研究,马利，梁红杰,防火墙技术是计算机网络安全维护的主要途径，发挥高效的保护作用。随着计算机的应用与普及，网络安全成为社会比较关注的问题。社会针对计算机网络安全，提出诸多保护措施，其中防火墙技术的应用较为明显，不仅体现高水平的安全保护，同时营造安全、可靠的运行环境。因此，该文通过对计算机网络安全进行研究，分析防火墙技术的应用。,,2014.0,,90,"计算机,网络安全,防火墙技术",计算机网络安全中的防火墙技术应用研究.pdf
计算机网络技术对测控技术发展的促进作用,贾克斌,摘 要： 计算机网络技术的迅猛发展使人类社会各个领域的传统发展模式发生了深刻的变革，对测控技术的发展也产生了深远的影响。本文对处于计算机网络技术前沿的Ｉｎｔｒｎｅｔ的网络互连结构、通信协议、工作方式和Ｗｅｂ浏览等关键技术进行了分析。通过对测控系统技术要求的讨论，阐明了当前测控技术向着网络化、分布性和互操作性方向发展的特点，说明了计算机网络的体系结构、网络协议和组网技术对测控网络的渗透和影响。文章还以国际上典,,1998.0,,53,"计算机网络,INTERNET,测控技术,协议",计算机网络技术对测控技术发展的促进作用.pdf
浅析计算机网络安全问题及其防范措施,王涛,"随着计算机网络技术的飞速发展,在计算机网络的应用中,网络安全问题的重要性日益凸显,计算机网络安全问题越来越受到社会各界的关注。面对计算机网络中存在的安全隐患问题,采取相关措施保障计算机网络的安全显得至关重要,本文以计算机网络安全为切入点,在分析计算机网络安全问题的基础上,探讨了计算机网络安全的防范措施,旨在说明计算机网络安全的重要性,以期为保障计算机网络的安全提供参考。",,2013.0,,126,"计算机,网络安全,问题,防范措施",浅析计算机网络安全问题及其防范措施.pdf
计算机网络安全主要问题与对策,任红卫，邓飞其,"摘 要： 随着人们对网络依赖度的增加,网络安全问题也日益成为人们关注的焦点.文章介绍了计算机网络存在的隐患,及常见的攻击手段,重点阐述了保证计算机网络安全的主要方法和途径.",,2004.0,,33,"网络安全,安全隐患,加密技术,防火墙,存取控制,入侵检测,安全审计,信息系统",计算机网络安全主要问题与对策.pdf
论计算机网络环境下的详细审计,庄明来,摘 要： 伴随着计算机与网络的快速发展，审计师所面临的风险有增无减。而在其自身水平的提高难以一蹴而就情况下，寻求一条既能降低审计风险，又能面对日益复杂审计业务的途径，无疑是审计研究的一项重要课题。本文在分析计算机网络环境对审计影响的基础上，对详细审计在降低审计风险过程中所起的作用加以探讨，并就未来详细审计的改进提出若干意见。,,2003.0,,35,"计算机网络,详细审计,审计风险,审计技术",论计算机网络环境下的详细审计.pdf
计算机网络信息管理及其安全防护策略,朱亮,"摘 要： 互联网技术给我们带来很大的方便,同时也带来了许多的网络安全隐患,诸如陷门、网络数据窃密、木马挂马、黑客侵袭、病毒攻击之类的网络安全隐患一直都威胁着我们。计算机网络信息管理工作面临着巨大的挑战,如何在计算机网络这个大环境之下,确保其安全运行,完善安全防护策略,已经成为了相关工作人员最亟待解决的问题之一。该文首先分析了计算机网络信息管理工作中的安全问题,其次,从多个方面就如何有效加强计算机网络信息安全防护进行了深入的探讨,具有一定的参考价值。",,2012.0,,60,"计算机网络,信息管理,安全防护",计算机网络信息管理及其安全防护策略.pdf
图书馆计算机网络系统安全管理,杨新涯，赵晓燕,"论述了作为图书馆管理的重要环节——图书馆计算机网络系统的安全管理问题,包括如何保障系统的安全运行、病毒防治、WWW服务器的安全管理等问题,同时提出解决问题的办法.",,,,39,"图书馆,计算机网络,网络安全",图书馆计算机网络系统安全管理.pdf
计算机网络与犯罪,刘广三，杨厚瑞,"计算机网络的发展速度令人目不暇接。但是最能满足信息共享要求的最开放的网络系统恰恰是最不安全的系统,事实上信息共享与信息安全是网络上最大的悖论。由于受网络的影响,犯罪也呈现出新的形式和特点。网络不仅在犯罪中担任重要的角色,而且使有关犯罪的社会心态和个人心理发生相应的变化。特别应当指出的是,犯罪在一定程度上对网络的发展也具有积极的作用。",,2000.0,,64,"计算机网络,影响,犯罪",计算机网络与犯罪.pdf
计算机网络安全与防御,陈斌,"正目前,全世界军事、经济、社会、文化各方面都越来越依赖于计算机网络,人类社会对计算机网络的依赖度达到空前的记录。由于计算机网络极易受到攻击,这种高度依赖性使国家经济和国防安全变得十分“脆弱”。一旦计算机网络受到攻击, 不能正常工作,甚至全部瘫痪时,整个社会就会陷入危机。 1 计算机网络安全的现状据美国联邦调查局统计,美国每年因网络安全造成的损失高达75亿美元。据美国金融时报报道,世界上平均每 20分钟就发生一次入侵国际互联网络的计算机安全事件,1/3的防火墙被突破。美国联邦调查局计算机犯罪组负",,2006.0,,112,"计算机网络安全,防御,人类社会,国家经济,国防安全,依赖度,依赖性,攻击",计算机网络安全与防御.pdf
计算机网络课程教学改革探讨,胡庆辉，陆玉靖,"计算机网络是计算机相关专业的一门主干课程,也是理论性和应用性都非常强的一门专业。因此如何提高本课程的教学质量,应该采取一种什么样的手段和方法,一直以来都是很多专业老师讨论的话题,本文作者总结了自己几年的理论和实践教学经验,以供大家探讨。",,2011.0,,105,"计算机网络,双语教学,实验教学",计算机网络课程教学改革探讨.pdf
计算机网络故障分析及维护研究,霍扬，龚俭,"计算机技术与网络技术的结合实现人们生产、生活和学习模式的变革,计算机网络技术的便捷性、低成本性和快速性使得网络已经成为人们进行数据传输、存储和处理的一种重要方式之一,企业、政府部门等单位为了提高工作的效率分别建成了内部局域网、外部网,并将之与国际互联网进行了连接.在此背景下加强计算机网络故障查处及维护有利于进一步提高计算机网络的运行质量.",,2008.0,,34,"计算机网络,网络故障,故障分析,网络维护",计算机网络故障分析及维护研究.pdf
计算机网络安全问题的分析与探讨,王建军，李世英,"随着宽带业务的迅猛发展以及社会对网络的依赖,来自互联网的网络安全问题日益突显.本文简要地分析了计算机网络存在的几种安全隐患,并探讨了计算机网络的安全防范措施.",,2009.0,,108,"计算机网络安全,病毒防范,对策,技术",计算机网络安全问题的分析与探讨.pdf
“计算机网络”实验课程的教学探讨,琚生根，陈黎，周刚...,摘 要： “计算机网络”是计算机应用专业的必修课程之一，而实验课程是其重要而必不可少的环节。分析了计算机网络实验课程存在的弊端，针对实际情况，提出了适合本院实际需求的网络实验课程的教学体系，并取得了良好的教学效果。,,2013.0,,29,"实验课程,计算机网络,因特网",“计算机网络”实验课程的教学探讨.pdf
大数据时代计算机网络信息安全及防护策略研究,汪东芳，鞠杰,"大数据时代背景下的计算机网络信息安全防护更具有重要意义,文章通过对大数据时代下网络安全概述,分析了大数据时代背景下影响计算机网络安全的因素,并针对性提出了网络信息安全防护策略的几点建议。",,2015.0,,82,"大数据时代,计算机网络信息安全,防火墙技术,杀毒软件",大数据时代计算机网络信息安全及防护策略研究.pdf
计算机网络安全技术,罗明宇，卢锡城,摘 要：,,2000.0,,53,"计算机网络,网络安全,网络攻击,数据加密",计算机网络安全技术.pdf
计算机网络安全与防御,陈斌,"正目前,全世界军事、经济、社会、文化各方面都越来越依赖于计算机网络,人类社会对计算机网络的依赖度达到空前的记录。由于计算机网络极易受到攻击,这种高度依赖性使国家经济和国防安全变得十分“脆弱”。一旦计算机网络受到攻击, 不能正常工作,甚至全部瘫痪时,整个社会就会陷入危机。 1 计算机网络安全的现状据美国联邦调查局统计,美国每年因网络安全造成的损失高达75亿美元。据美国金融时报报道,世界上平均每 20分钟就发生一次入侵国际互联网络的计算机安全事件,1/3的防火墙被突破。美国联邦调查局计算机犯罪组负",,2006.0,,112,"计算机网络安全,防御,人类社会,国家经济,国防安全,依赖度,依赖性,攻击",计算机网络安全与防御.pdf
计算机网络信息安全及防护策略,崔磊,"随着计算机网络信息安全的快速发展,我国当前的计算机网络领域已经逐渐成熟。但是,随之而来的网络信息安全事故也越来越多,已经引起了人们的高度重视。我国也逐渐加大了网络信息安全的研发力度,虽然已经制定出很多有效的防护策略,但是已有的防护策略仍然满足不了我国计算机网络信息安全发展的需求。",,2016.0,,84,"计算机网络,信息安全,防护策略",大数据时代计算机网络信息安全及防护策略研究.pdf
计算机网络安全漏洞及防范措施解析,王希忠，郭轶，黄俊强...,"摘 要： 计算机网络的运行中,安全漏洞成为系统遭遇恶意攻击的主要途径,加强对计算机网络安全漏洞及防范措施的研究是十分重要的。对计算机网络安全漏洞的种类、计算机网络安全漏洞的成因及计算机网络安全漏洞的防范措施进行了分析和探讨。",,,,55,"计算机,网络,完全,漏洞,防范",计算机网络安全漏洞及防范措施解析.pdf
大型企业计算机网络安全实施方案,黄贤英，龚箭,"正 引言 计算机网络安全问题造成的影响将是灾难性的。计算机网络的安全与网络设备、网络软件(尤其是防病毒软件和网络管理软件)、备份措施,以及相关的网络管理措施等都有关系。",,2003.0,,37,"大型企业,计算机网络,网络安全,防火墙,交换机,入侵检测系统",大型企业计算机网络安全实施方案.pdf
工业计算机网络,张浩,"综述了作为工业自动化现代水平标志的工业计算机网络的由来与发展,总结出工业计算机网络的定义及其特征,即分散处理与集中管理、通信协议多样化、实时控制、资源优化配置以及网络安全等,并以新型集散控制系统和著名的Rockwell自动化工业网络为例加以说明.",,,,26,"工业计算机网络,集散控制系统,Rockwell自动化网络",工业计算机网络.pdf
计算机网络中的Push技术,李明，陈苏，张雨...,"Push是近年来网络信息传递的一种新技术.介绍了Push技术的概念和技术原理,阐述它在网络中的实现和应用.",,2000.0,,41,"推送,拉,频道,CDF",计算机网络中的Push技术.pdf
计算机网络防御策略模型,夏春和，魏玉娣，李肖坚...,"目前计算机网络防御研究中缺乏高层且易于细化的策略建模方法,因此在分析Or-BAC模型(Organization Based Access Control model)的基础上,对网络防御控制行为进行抽象,建立计算机网络防御策略模型(CNDPM,Computer Network Defense Policy Model).该模型对保护、检测和响应等策略进行统一建模,并引入角色、视图、活动自动分配的方法,以提高分配的效率,同时给出了策略到规则的推导规则,以细化为具体的防御规则.还给出了策略的完备性、有效性和一致性的形式化描述及分析.实例分析表明,该模型表示的计算机网络防御策略,能够有效地转化为防御规则,具有较好的实用性和扩展性.",,2008.0,,31,"计算机网络防御(CND),策略,PPDR模型,细化",计算机网络防御策略模型.pdf
计算机网络安全技术初探,谢成山，徐济仁，牛纪海,"摘 要： 本文介绍了网络安全的来源和TCP/IP协议的安全漏洞,同时介绍了当前网络采用的各种安全防范技术,对我们认识网络和网络安全具有很强的参考价值.",,2001.0,,59,"网络安全,TCP／IP协议,计算机网络",计算机网络安全技术初探.pdf
计算机网络协议测试及其发展,毕军，史美林,摘 要： 协议测试已经成为计算机网络和分布系统协议中最的领域之一。近年来，协议一致性测试技术得到了很好的发展和完善，与此同时，互操作测试和性能测试逐渐成为新的研究热点。本文在分析协议一致性测试的基础上，对协议测试的发展进行讨论。,,1996.0,,33,"协议工程学,协议测试,计算机网络",计算机网络协议测试及其发展.pdf
计算机网络安全应急响应技术的分析与研究,刘宝旭，马建民，池亚平,摘 要： 结合实际工作经验和研究成果，在分析安全应急响应技术发展动态的基础上，对网络入侵检测、事件隔离与应急恢复、取证、网络陷阱及诱骗等应急响应关键技术进行了分析和研究。构建了一个网络安全应急响应系统，并对系统的工作机制进行了分析。,,2007.0,,23,"应急响应,事件隔离,入侵检测,取证,陷阱",计算机网络安全应急响应技术的分析与研究.pdf
浅析计算机网络安全问题及其防范措施,梁树杰,"随着科学技术的发展,计算机网络技术得到了迅猛发展,应用力度也逐渐加大,彻底颠覆了人们的生活方式和习惯.计算机网络在带给人们生活以便捷化的同时,其安全方面也随之面临诸多风险.本文从多个角度,对计算机网络安全问题进行了探讨,并提出了相关防范措施,旨在加快计算机网络安全水平的提升,以便更好地服务于人们.",,2013.0,,60,"网络安全,计算机,病毒,黑客,防范措施",浅析计算机网络安全问题及其防范措施.pdf
计算机网络与远程教育,宋红，李珍香,"详尽论述了现代远程教育的含义、主要研究内容及作用和意义,并介绍了基于计算机网络的实时远程、远程考试和远程答疑系统及VRML在远程教育中的应用.",,2000.0,,40,"远程教育,多媒体,VRML,Internet",计算机网络与远程教育.pdf
计算机网络扫描技术研究,张义荣，赵志超，鲜明...,"从TCP/IP协议的基本原理出发,讨论了计算机网络扫描技术的理论基础,对当前网络扫描的主要技术-端口扫描和远程操作系统扫描的内在机制作了扼要的分类和阐述,并初步探讨了网络扫描中逃避检测的方法。在此基础上,就先进的网络扫描器的设计思路提出了自己的建议,并给出了一个网络脆弱性扫描器实现的概念模型。",,2004.0,,38,"网络扫描,TCP/IP协议,端口扫描,远程操作系统扫描,网络扫描器",计算机网络扫描技术研究.pdf
计算机网络课程实验教学探讨,付雪峰，刘有珠，徐文飞...,"计算机网络课程实验教学是理解网络原理的重要手段,通过分析当前计算机网络教学现状与实验课程的主要内容,在参照其他院校计算机网络实验课程方案和立足于学校现有的计算机网络实验的软、硬件的基础上,探讨了计算机网络实验教学项目的设计与安排。",,2008.0,,40,"计算机网络,实验教学,实验设计",计算机网络课程实验教学探讨.pdf
计算机网络信息管理及其安全,□ 严玮,"摘 要： 网络信息管理不同于传统的网络管理和信息管理,它的管理内容主要是网络信息及其服务,这种管 理需求在OSI管理框架以及相关文档中没有明确提出过.本文对这个新的研究领域做了有益的研究尝试.本文介绍了网络信息管理的定义及其管理内容.在此基础 上,分析了网络信息管理涉及到的安全问题,着重研究了其中的安全访问控制策略,并结合传输访问控制及安全监测方面的先进技术,提出了网络信息管理的安全构 架.并已经将其应用于国家863重点项目""计算机网络管理与安全系统""中.",,2006.0,,23,"计算机网络,信息管理,访问控制,安全监测,网络安全",计算机网络信息管理及其安全.pdf
计算机网络课程实验的改革与实践,吕立坚，赵明，李静滨,"针对目前计算机网络实验教学的现状,对计算机网络实验教学体系进行探讨,提出一些改革设想和实践方案,促使学生在理论联系实际、独立思考、设计、创新和动手能力方面得到实质性锻炼.",,2006.0,,38,"网络实验,实验教学,教学改革",计算机网络课程实验的改革与实践.pdf
开放型计算机网络实验室建设,蔡久评，况和平，周强,"从高校开放型计算机网络实验室建设的需求出发,提出了建设开放型计算机网络实验室的建设的目标、建设的原则、硬件与软件的构成.",,,,29,"计算机网络实验,开放型实验室,实验室建设,实验教学",开放型计算机网络实验室建设.pdf
浅谈计算机网络安全问题及其对策,黄寅,"如今,人类社会已经进入了网络时代,互联网无处不在,已经进入了人们生活的各个角落,无论办公、娱乐,人们生活中的各种活动都已经离不开网络。与此同时也就带来了一个很严重的问题就是网络安全问题。网络安全问题在互联网飞速发展的今天变得越来越突出。该文就网络安全问题的现状进行简单的分析,并提出了网络安全的防护从技术层面和制度层面的对策。",,2012.0,,75,"网络安全,现状,对策",浅谈计算机网络安全问题及其对策.pdf
计算机网络系统在细菌耐药监测中的应用,周来新，黄庆，府伟灵...,"目的计算机网络系统应用于医院细菌耐药监测的思路和措施.方法总 结国内外细菌耐药监测的实践经验与相关文献报道.结果以局域网为基础,以互联网为目标,分级分批地建立监测系统是计算机网络系统的最终发展目标,而建立分 级预警系统和标准化的抗菌药物评判知识库则是其成功运用的关键.结论数字化、电子化、智能化和人性化的细菌耐药监测系统是医院感染监测的必然发展趋势.",,2005.0,,24,"医院感染,组织与管理,计算机网络系统,细菌耐药监测",计算机网络系统在细菌耐药监测中的应用.pdf
基于计算机网络技术的计算机网络信息安全及其防护策略,陈冬梅,"随着现代科学技术的发展,计算机网络技术已经应用到我们生产生活的各个领域,计算机网络具有开放性和共享性的特点,导致计算机网络的安全问题的产生,尤其是计算机网络信息安全问题,网络信息安全关系到整个社会和国家的网络安全.本文针对计算机网络信息安全存在的问题进行了分析,提出了应用计算机网络技术保护网络信息安全的防护策略.",,2017.0,,40,"网络技术,网络信息安全,防护策略,计算机网络",基于计算机网络技术的计算机网络信息安全及其防护策略.pdf
计算机网络实验教学改革,方芸，高仲合，高博文...,摘 要： 针对目前高校计算机网络实验教学的现状及计算机网络实验教学的特点，并结合学院的实际情况，从实验教学内容及形式方法等方面进行了探讨，提出了关于计算机网络实验教学的改革方法。,,2008.0,,38,"计算机网络,实验,教学,教学改革",计算机网络实验教学改革.pdf
计算机网络课程实验教学研究,王春枝，欧阳勇,"分析了目前计算机网络课程教学的现状和实验的现状,针对计算机网络课程教学实验环节薄弱的问题,研究了计算机网络课程实验教学改革的必要性,制定了相应的教学方案和措施。该研究对计算机专业教学改革和创新人才的培养具有一定的意义。",,,,30,"计算机网络,能力培养,措施,计算机科技",计算机网络课程实验教学研究.pdf
计算机网络脆弱性评估技术研究,夏阳，陆余良，杨国正,"计算机网络安全脆弱性评估是网络安全领域的研究热点.该文提出了计算机网络脆弱性评估的研究目标,指出了在研究过程中存在的若干问题.从总体上分析了近年来针对计算机网络脆弱性评估的若干研究方法和技术,包括从网络连通性进行网络评估、基于入侵路径的网络安全性评估、基于图的网络脆弱性分析、网络脆弱性分析工具、基于Agent的网络脆弱性分析、运用层次分析法的网络脆弱性评估以及基于漏洞依赖关系图的网络脆弱性评估等,同时指出了每种方法的可取之处及存在问题.",,,,21,"计算机网络,脆弱性,评估",计算机网络脆弱性评估技术研究.pdf
浅析计算机网络技术在电子信息工程中的应用,刘沛佳,"在电子信息技术飞速发展的今天,计算机网络技术在各专业教学中已普遍应用,尤其是在电子信息工程教学中的应用越来越广泛。由于教材的选编、教学模式的陈旧、学生素质的差异等因素导致计算机网络课程教学由基础实践课程成了一门较为空洞的理论课。如何在进行基础理论教学的同时,激发学生学习兴趣,培养学生的实践能力,达到培养应用型人才的目的,已成为电子信息技术教学工作者的一个新课题。",,2012.0,,63,"电子信息技术,计算机网络教学,实践教学",浅析计算机网络技术在电子信息工程中的应用.pdf
基于Python的空间数据批量处理方法,彭海波，向洪普,"摘 要： 结合工作实践,在分析Python语言特点的基础上,介绍其在空间数据批量处理方面的应用。编制的程序实例可供相关人员参考。",,2011.0,,28,"PYTHON,ARCGIS,空间数据,批量处理",基于Python的空间数据批量处理方法.pdf
基于Python的ArcGIS空间数据格式批处理转换工具开发,焦洋，邓鑫，李胜才,摘 要： 摘要ArcGIS仅提供了单个文件的空间数据格式转换工具。本文首先研究基于Python的ArcGIS空间分析工具开发方式．进而以栅格数据转ASCII工具为例，给出其批处理工具的具体实现过程。,,2012.0,,16,"Python,Arc,GIS,空间数据,批处理",基于Python的ArcGIS空间数据格式批处理转换工具开发.pdf
基于Python的数据批处理技术探讨及实现,李强，白建荣，李振林...,摘 要： 通过研究ArcGIS中信息处理技术，以及Python脚本语言在ArcGIS中的二次开发技术，介绍了ArcGIS中数据的批处理工具的开发原理和过程，并且运用这一方法实现了批量裁切、批量拼接、批量定义投影、批量空表删除和批量按属性提取等工具，将其集成成批处理工具箱。使用这种方法开发的批处理工具，弥补了原有批处理工具的不足，使枯燥的数据处理工作自动化、简单化，大大提高了数据处理效率。,,2015.0,,7,"ARCGIS,地理处理,Python,批量处理,工具箱",基于Python的数据批处理技术探讨及实现.pdf
Python在热敏电阻测量实验数据处理中的应用,吴迪，张星海,"摘 要： Python语言因为语法简洁、功能全面、开发的程序具有可移植性而拥有十分广阔的应用市场.Python在诸多方面都有应用,如科学计算、应用开发以及计算机科学教育等.本文就热敏电阻测量实验的数据处理问题进行了分析,同时也进行了系统的图形化界面设计以及用Python语言编写相关的脚本来实现了实验数据的数据库存储功能.",,2013.0,,3,"PYTHON,GUI,数据库,数据处理",Python在热敏电阻测量实验数据处理中的应用.pdf
基于Python语言的大学物理实验数据处理方法研究,钟志强,"以大学物理实验中的单摆周期测量、螺线管霍尔效应和单摆简谐运动为例,探讨了Python语言在随机误差分布规律、数据回归分析和机械运动模拟中的应用方法。研究表明,Python处理实验数据的方法简便灵活,表征数据图形直观明了,适宜推广使用。",,2016.0,,4,"Python,大学物理实验,数据分析",基于Python语言的大学物理实验数据处理方法研究.pdf
在ArcGIS下基于Python的路网数据批处理方法,张小璞，左小清,"以云南省地质环境信息化建设项目为背景,针对地名地址数据生产中路网数据区划代码字段在人工赋值过程中存在准确率与处理效率低的问题。在对比分析ArcGis二次开发方法的基础上,改进了一种新的面向ArcGis10.5的Python编程脚本。对该Python脚本地理空间分析原理、实验数据准备阶段的处理以及该Python脚本功能等作了详细叙述。最终通过对实验数据的验证来证明新脚本的可行性。",,,,0,"ArcGIS,Python,地理空间数据处理,路网数据,合并",在ArcGIS下基于Python的路网数据批处理方法.pdf
基于Python语言的空间数据处理,何丽娴，甘淑，陈应跃,随着GIS技术的快熟发展，海量空间数据高效、快速处理越来越受到重视。通过程序扩展设计来进行数据自动化处理是非常有用的。尤其是批量数据处理时是非常有用的。ArcGIS中的Model Builder模块为空间数据处理自动化提供了平台，从ArcGIS 9.X之后ESRI开始将Python语言引入供用户可以编程实现空间数据快速处理，文章介绍了如何使用Python语言调用ArcGIS站点包进行空间数据处理。,,2014.0,,3,"ArcGIS,制图,数据流,GIS,脚本",基于Python语言的空间数据处理.pdf
ARCGIS中应用Python脚本进行空间数据批量处理的研究与实现,石晶，郭子珍，李小勇,"正ARCGIS是美国环境系统研究所ESRI(Environment system Research Institute)推出的一套完整的软件产品,旨在构建完善的GIS(Geographic Information System)系统。利用ARCGIS进行空间数据执行空间分析、建模、数据处理任务过程中,几乎所有操作都会涉及重复的工作,例如数据格式转换,裁切拼接,投影变换等。如果采用人工处理,效率低并且容易出错,为了保证数据质量,减少重复劳动,需要创建可自动执行批量处理的方法。空间数据的地理处理是以数据变换的框架为基础。典型",,2012.0,,4,"ARCGIS,批量处理,空间数据,PYTHON,脚本,应用,数据格式转换,环境系统",ARCGIS中应用Python脚本进行空间数据批量处理的研究与实现.pdf
基于Python的音频数据处理研究与应用,何月顺，周良，丁秋林,摘 要： 介绍了基于Python的音频数据处理函数;实现了自动测试声音文件的格式、声音文件的播放及声音文件在不同的存储格式之间的转换;对声音进行分离与合成;提取声音的特征值以便进行分析与鉴别;改变原始声音的采样速率、采样编码、采样宽度等;在实践中取得了良好的应用效果.,,2003.0,,1,"音频数据处理,声音格式,声音质量,文件格式,PYTHON,线性编码",基于Python的音频数据处理研究与应用.pdf
基于Python的空间数据批处理在编制土地利用现状图中的应用,张静，管莉莉，周赟,"摘 要： 土地变更调查工作完成后需要制作乡镇土地利用现状图,对于空间数据的重复处理过程,传统方法复杂而费时。介绍了利用Python脚本语言设计集成工具,实现空间数据的批量自动化处理,从而提高工作效率。",,2014.0,,2,"PYTHON,ARCGIS,空间数据,批量处理",基于Python的空间数据批处理在编制土地利用现状图中的应用.pdf
基于python的地理空间数据批量处理方法研究,屈鹏,"随着地理信息的迅速发展,如何快速处理海量的地理空间数据,是提高地理信息服务的关键。Python语言与Arc GIS地理处理相结合,成为实现地理空间数据的批量处理快速有效的方法。文中说明了Python语言在地理空间数据处理的特点,并例举了批量定义投影、转换投影、数据裁切等空间数据批量处理的应用实例。",,,,0,,基于python的地理空间数据批量处理方法研究.pdf
基于python的数据处理和模糊层次聚类,赵金晖,"《红楼梦》的作者问题一直是""红学研究""的热点。其中前80回和后40回分别由曹雪芹和高鹗所书的说法广为流传。通过直接调用数据分析的软件可以直观地看到结果,但并不能展示细节。文章将应用模糊层次聚类的方法,并详细展示主要步骤,比起均值聚类,文中的方法更加贴近于人的思维,便于理解和学习,研究者可以通过训练,熟练掌握文本处理、矩阵运算和编程等技巧。",,,,0,,基于python的数据处理和模糊层次聚类.pdf
基于Python的ArcGIS数据属性值顺序码处理研究,庄亚飞，李素敏,"在进行空间数据的处理时,会遇到许多重复性的操作,为了简化工作流程,提高工作效率,此时,作为ArcGIS的脚本工具的Python语言就发挥了重要的作用。在ArcGIS中,通过程序扩展设计来进行数据自动化处理是非常有用的,大量数据的处理可以通过Python脚本语言来进行具体实现,脚本编程的主要目的是使枯燥的数据处理工作自动化。本文以云南省地质环境信息化建设项目为依托,在分析Python脚本语言特点的基础上,介绍在ArcGIS下,利用Python脚本语言来进行数据属性值顺序码快速、高效的检查、更新及处理的方法,实现要素数据属性值顺序码重复值的批量处理。",,,,0,,基于Python的ArcGIS数据属性值顺序码处理研究.pdf
基于python的某型航发高涡平衡单面配平数据处理,陈璐,"本文讨论了配重块离散型取值和连续型取值在实际配平过程中的可行性.利用python语言,开发了可应用于配重块连续型取值的动平衡配平参考程序,通过人机交互界面输入平衡机指示剩余不平衡量数值,程序响应后输出配重块建议放置位置与重量.",,,,0,,基于python的某型航发高涡平衡单面配平数据处理.pdf
在ArcGIS下基于Python的矢量数据处理方法,林璐，王爽，李海泉...,"在ArcGIS中地理处理可以通过Python脚本语言来具体实现.通过Python串联Arcgis的地理处理工具,实现工作流自动化完成,同时,实践批处理过程,解放人工的机械重复工作,提高效率,进而保证数据质量.现以地形图中示坡线的正确、严谨表达为实践案例,介绍了在ArcGIS下利用Python处理矢量数据,为矢量数据处理的高效、自动化提供解决方法.",,,,0,"Python,ARCGIS,地理处理,示坡线",在ArcGIS下基于Python的矢量数据处理方法.pdf
MICAPS第四类数据格式Python处理库的实现和应用,朱枫，袁鹏艳，段中夏,"本文基于Python语言设计和实现了MICAPS第四类数据格式的通用接口库Diamond4,包含数据读写,格点到站点的插值,数据格式转换等功能.Diamond4库简洁高效,可有效支持对MICAPS数据的本地开发.最后展示了Diamond4库结合其他Python第三方库在新乡市气象台本地业务应用的两个实例:结合Bokeh库的多模式站点两米温度的自动提取和结合Arcpy库的多模式降水对比邮票图的自动生成.",,2017.0,,0,"MICAPS,第四类数据,Diamond4库",MICAPS第四类数据格式Python处理库的实现和应用.pdf
Python语言在牛顿环实验数据处理中的应用,赵昆涛,"牛顿环实验是大学物理中非常重要的一个实验,但是在实验中需要读取的数据比较多,数据处理的过程很费时间而且容易出错.为此使用Python语言编写了一个图形界面的数据处理程序,分别使用逐差法和绘图法处理实验数据,可以方便地获得最终的计算结果,节省处理数据的时间.并可对结果可视化,帮助理解实验结果.本文采用了一次实验课中对读数显微镜读取的数据作为例子,演示了本程序的使用方法,介绍了数据处理的过程,并且对两种数据处理的方法进行比较.",,2016.0,,0,"Python,牛顿环,数据处理",Python语言在牛顿环实验数据处理中的应用.pdf
基于Python的农村土地承包经营权地块数据处理的研究,袁玏,"摘 要： 地块数据是农村土地承包经营权确权颁证工作中-个重要的数据.在实际生产工作中,从dwg格式数据提取地块边线并获取相关信息工作量大且具有重复性,文章针对这个问题以Python为开发环境调用ArcGIS地理处理工具,实现地理数据批处理,提高地块数据处理的工作效率.",,2016.0,,0,"农村土地承包经营权,地块数据,地理数据处理,PYTHON",基于Python的农村土地承包经营权地块数据处理的研究.pdf
基于Python的数据组织重构工具设计与实现,黄冠贤,"城市大比例尺基础地理信息数据是数字城市地理空间框架建设的重要组成部分,为保证全省基础地理信息数据结构的一致性,通过研究编码转换、数据结构重组等的自动处理方法,开发了自动模型转换处理程序。",,,,0,"基础地理信息数据,编码转换,数据重组",基于Python的数据组织重构工具设计与实现.pdf
利用PYTHON解析网络上传数据,丛宏斌，魏秀菊，王柳...,"针对编辑部手工提取网络上传数据过程烦琐、工作量大的问题,在需求分析的基础上,设计了解析网络上传数据的批处理算法,并利用计算机语言PYTHON开发了应用程序.该应用程序能够实现对论文题名、作者信息、基金项目、论文起止页码、中英文摘要、中英文关键词、参考文献以及投稿和修订日期等信息,按论文文件名批处理操作.与手工操作相比,该方法能将数据提取效率提高15倍以上,可满足编辑部快速处理网络上传数据的需要.",,2013.0,,0,"数据,解析,批处理,PYTHON",利用PYTHON解析网络上传数据.pdf
基于Python脚本的建设用地报批数据建库,庞俊，丘强,"摘 要： Arc GIS提供了功能丰富的Python站点包Arcpy,可以实现各类地理处理要求,同时python脚本有简便、快速迭代等优点,可实现地理数据的批处理。本文结合清远市国土资源局建设用地报批数据实际情况,利用Python脚本批量处理建设用地报批坐标格式文件,实现了用地报批数据的快速建库,为工程技术人员提供参考。",,2016.0,,0,"PYTHON,Arcpy,建设用地报批,专题数据库,批处理",基于Python脚本的建设用地报批数据建库.pdf
基于Python的医学图像处理框架及其应用,丘文峰,医学图像处理是医学影像与计算机科学相交叉的新兴研究领域，通过对原始采 集的医学断层数据进行图像处理、可视化，最大程度地挖掘数据的信息。医学图像处理对医学病理研究、诊断、医学教学都有着重要的现实意义。但是，医学图像处 理系统具有开发周期长、设计难度大、专用性强的特点，这使得商业医学图像处理系统价格昂贵，而研究型的医学图像处理系统大部分着重于算法研究，难以快速投 入实际应用。目前存在的部分医学图像处理开发包，虽然在一定程度上降低了医学图像处理系统的开发难度，但是这些开发包不能针对医学图像处理应用提供高级接 口功能。    本文以软件工程设计作为理论依据，对现有医学图像处理系统进行抽象得到医学图像处理软件的框架，重点研究医学图像处理系统的数据管理和可视化，并采用Python脚本语言设计了一个基于Python的医学图像处理框架，Jolly。    全文通过分析主流医学图像处理系统，采用FileMon工具分析这些系统的数据组织和用户交互。结果表明，主流医学图像处理系统一般能够支持多种不同的数据类型，用户交互遵循医学影像设备约定，操作控制主要以控制面板的方式，而不是传统的菜单与工具栏。    根据上述分析，进一步使用软件工程传统的结构化分析与设计方法对医学图像处理系统的业务流程分析，推导出一般医学图像处理系统的数据流程图、数据类型与模块结构图。得出如下分析结果：    1.医学图像处理系统包含三种数据类型、栅格数据类型、几何数据类型和网格数据类型。    2.医学图像处理系统应该包含数据导入、数据导出、图像处理和可视化模块。    针对结构化分析与设计的结果，借鉴vtkInria3D的设计思想，本文提出一个基于Python医学图像处理系统框架的总体设计。各模块依赖于底层医学图像处理开发包，又高于这些开发包，向应用层提供基本的功能。    数据管理模块使用树状式的数据结构，统一对三种数据类型进行层次管理。可视化管理模块以控件方式，对可视化不同视图提供同步显示。图像处理模块提供图像类型的统一描述和转换以支持主流不同图像处理开发包的粘合。    最后给出使用Jolly实现的两个应用程序：水平集分割程序和体积测量程序。应用实例表明Jolly在支持快速开发医学图像处理系统中具有优势，可以作为开发医学图像处理系统的一个选择。,,2010.0,,1,"医学图像处理,结构化分析,水平集分割",基于Python的医学图像处理框架及其应用.crdownload
Python在ArcGIS中的应用,朱道强，关海涛,"摘 要： 通过简要介绍利用Python语言编写脚本在ArcGIS中进行数据批处理的基础方法,提出了一种减轻现今数据生产中作业人员进行数据处理强度的方法。",,2013.0,,12,"脚本,Python语言,数据批处理",Python在ArcGIS中的应用.pdf
基于PYTHON及ARCPY的多进程空间数据检查任务实现,张雅珉，张禾,"本文针对批量数据进行检查,提出通过多进程的处理方式,设计并实现了空间数据检查并行处理方式,为任务量巨大的空间数据检查任务提供了一种简单易用的解决途径; 并运用到实际检查工作中得到了较好的效果.",,2015.0,,0,"PYTHON,ARCPY,多进程,空间数据,等高线套合检查",基于PYTHON及ARCPY的多进程空间数据检查任务实现.pdf
基于Python自然语言处理工具包在语料库研究中的运用,刘旭,国内当前以语料库为基础的研究，在研究工具方面，多以AntConc、PowerGREP为主，使用Python语言NLTK包进行数据处理分析的研究较少，限于软件自身设计，不能灵活地对研究方法提供支持。在研究中使用Python语言的NLTK处理包，使数据有了统一标准，避免了各类文字处理转换的麻烦，同时也弥补了Range等工具在句法分析、图形绘制、正则表达式检索等方面的缺憾。针对语料库研究的中文本分词、词形归并、文本检索统计等主要环节，简要介绍Python语言的NLTK自然语言处理包在语料库研究中的运用，并以古腾堡语料库中的简·奥斯丁小说《艾玛》为例，说明如何运用该自然语言处理包对语料进行加工处理。,,2015.0,,1,"PYTHON,NLTK工具包,语料库研究",基于Python自然语言处理工具包在语料库研究中的运用.pdf
Python与批处理在遥感影像存储中的应用,廖小龙，施昆，黄彦锋...,"目前,未经过压缩的航摄遥感影像资料的数量越来越多,其文件体积越来越大,造成备份分发时耗时也越来越多。针对部门级的影像资料存储备份需求,提出几种解决方法。利用Python语言优秀特性,结合操作系统批处理,采用冷数据存储方案,以期达到提高存储备份和分发的效率,节约硬件投入成本的目标。经实验结果讨论分析,得到几种各具特点的存储方法,实际应用中可根据管理需要选取。",,,,0,"DOM,冷数据,批处理,Python,多进程,压缩",Python与批处理在遥感影像存储中的应用.pdf
ArcGIS中应用Python脚本提高数据生产力的研究,巨擘,"针对空间数据特性,利用ArcGIS中Python脚本语言结合ArcToolbox编写批处理程序,可以在很大程度上简化数据生产的步骤,提高工作效率.现通过Python脚本工具在空间数据处理中的应用案例,简述工具的编写流程及其在生产实践中的优势.",,,,1,"Python,ArcGIS,ArcToolBox,空间数据,生产效率",ArcGIS中应用Python脚本提高数据生产力的研究.pdf
基于Python语言的模式识别应用,张毅宁,"以模式识别中英文文字识别和人脸检测为例,利用PIL库、pytesser库和OpenCV库实现了图像灰度转换、降噪处理、文字识别和目标检测。应用表明,Python处理实验数据的方法简便灵活,表征数据图形直观明了,适合在数字图像处理课程的模式识别章节中应用。",,2016.0,,1,"Python,英文文字识别,人脸检测",基于Python语言的模式识别应用.pdf
Python语言在晕渲制作中的应用,郭贵洲，余磊，张寒梅,"晕渲图是一种表现地貌地势的常见手段。在1∶50 000核心要素数据生成大范围的DEM和晕渲图的处理过程中,使用Python语言处理数据可以使数据处理效率得到极大的提高。",,2012.0,,0,"Python,DEM,地貌晕渲图",Python语言在晕渲制作中的应用.pdf
基于ArcGIS和Python脚本快速拼接矢量数据,蒋涛,"介绍了利用python脚本和Arc GIS的arcpy类库编写程序,进行各类型矢量数据库拼接的过程和方法。该方法能够将研究区域内大批量数据库中的要素逐层快速全自动拼接到同一个数据库中,极大地提高了数据的处理能力。",,,,0,,基于ArcGIS和Python脚本快速拼接矢量数据.pdf
基于python抓取豆瓣电影TOP250的数据及进行分析,田帅,"本文通过利用python抓取豆瓣TOP250的相关数据,并将数据存储在MYSQL数据库中,然后通过mongDB对数据进行清洗,最后通过Excel和Matlab对处理过的数据进行分析,从而实现数据的可视化。通过数据的可视化对豆瓣电影TOP250的数据进行分析,可以了解豆瓣评分分布区间,了解大众对那些国家电影喜欢,进而了解大众专注热点趋势,进而分析了热点电影的时间分布情况。通过对豆瓣电影TOP250数据的分析,对python爬虫、数据清洗、数据可视化有了深入的学习。",,,,0,,基于python抓取豆瓣电影TOP250的数据及进行分析.pdf
Arcgis中基于Python的地理数据库批量合并方法研究,刘翔宇，朱大明,"为了实现Arcgis不同地理数据库中大量相同图层批量合并的操作。本文基于云南省地质环境信息化建设项目,在对比分析Arcgis二次开发方法的基础上,提出了一种新的面向ArcGis10.5的Python编程脚本。本文对Python地理空间分析原理、Python脚本功能以及实验数据处理流程等作了详细叙述。实验结果证明了该脚本的可行性。得出结论:本文中基于ArcPy人工开发出的脚本,相比手动操作效率大大提高,不易出错,实现了地理数据库中指定同名图层的批量合并。",,,,0,,Arcgis中基于Python的地理数据库批量合并方法研究.pdf
Python在学院招生数据分析中的应用,叶惠仙,"在大数据的今天,Python丰富的工具包在科学计算、文件处理、数据可视化等领域越来越凸显其价值。使用Python对学院招生的生源地信息数据进行筛选,清洗,统计、分析得到可视化图像数据。通过这些数据,采用算法对下一年学院招生数进行预测,给招生管理提供数据支持,也为学院长远的招生规划提供参考。",,,,0,,Python在学院招生数据分析中的应用.pdf
基于Python的气象雷达工具包研究,眭超亚，唐毅谦，罗正华...,"Py-ART(Python ARM Radar Toolkit)是一种基于Python的气象雷达数据处理工具包,其提供了强大的数据处理与分析环境,包含了多种最新的气象雷达数据处理算法,支持不同气象雷达数据格式的读取、可视化、校正及分析.在深入分析Py-ART基本原理和整体架构的基础上,对Py-ART进行了详细探讨,并对气象雷达数据处理中常用的Py-ART模块进行了剖析,可促进Py-ART的应用进程,提升气象雷达数据处理的能力.",,,,0,"气象雷达,Python,雷达辐射测量,Py-ART",基于Python的气象雷达工具包研究.pdf
基于Python的并行编程技术在批量气象规范报表入库处理中的应用,郭学兵,"为满足中国生态系统研究网络(英文全称Chinese Ecosystem Research Network,简称CERN)对大批量气象规范报表(Excel格式)进行高效快速转换并载入数据库的需求,作者在对当前流行的并行编程方法和技术进行对比研究的基础上,提出了利用Python的多进程编程技术实现报表处理的方案,建立了CERN气象规范报表的抽象数据转换模型,并编写了多进程并行处理程序,实现了将大批量气象报表的快速转换载入Oracle数据库的功能。同时,作者对多进程编程的不同参数设置情景下的转换效率进行了测试、比较和分析。实验结果显示,利用Python并行编程技术可以充分利用计算机硬件的潜力和性能,从而大大提高处理效率,且方法简便、事半功倍。作者最后进一步建议通过利用Parallel Python软件包,可更充分利用计算机多核性能,更大程度提高处理效率。更加满足CERN日益增长的数据快速处理需求。同时本文为类似数据处理需求提供了可借鉴的参考方案。",,,,0,"中国生态系统研究网络,CERN,python,并行编程,多进程,气象,报表,转换入库",基于Python的并行编程技术在批量气象规范报表入库处理中的应用.pdf
Python批量解析UDP数据包在流媒体中的应用,黄莺，陶汉卿,"流媒体应用过程中,网络原因或者服务器缺陷会造成播放启动慢或者画面停顿,甚至出现花屏现象.针对目前使用Wire Shark工具解析数据包截取文件速度慢等缺点,设计了基于Python批量解析UDP数据包的脚本程序,能快速、有效的方式确定流媒体是否有丢包和码率是否平稳,从而快速发现视频异常现象.实践证明,分析100、200、400、600、800 M和1 G的数据包所需时间相比Wireshark软件分别提高49倍、52倍、59倍、85倍和135倍,并且随着数据包的增大,分析时间结果越明显,还可实现批量处理数据包截取文件,用法简单.",,,,0,"流媒体,UDP数据包,批量解析,Python",Python批量解析UDP数据包在流媒体中的应用.pdf
基于Python的温度巡检仪上位机软件,陶进，李丹丹，陶承...,"基于Python语言设计了一种温度巡检仪的上位机软件,实现RS232串口数据读取,并对数据进行处理运算,最后保存至word文档中。word文档模板设计参照JJF 1101—2003《环境试验设备温度、湿度校准规范》,数据自动保存后可直接自动打印,从而使原本无法实现智能采集运算的计量标准仪器具备了自动数据处理,自动生成原始记录的功能。2015年该温度巡检仪(配置该软件)通过标准水银温度计的校准,校准最大误差为±0. 1℃,扩展不确定度达到0. 3℃(k=2),性能符合JJF 1171—2007《温度巡回检测仪校准规范》的技术要求。",,2016.0,,0,"Python,RS232,自动数据处理,自动生成原始记录",基于Python的温度巡检仪上位机软件.pdf
基于Python的ABAQUS数控弯管数值模拟后处理,岳永保，杨合，詹梅...,"弯管零件以其优良的性能,在各工业领域中得到了广泛应用.有限元数值技术的发展为研究管材弯曲问题提供了一种有效的途径,结果数据的有效提取和高效处理成为数控弯管数值模拟的关键问题.文章采用Python语言对ABAQUS后处理模块进行了二次开发,根据数控弯管的常见质量指标,实现了截面扁化率、壁厚变化率、回弹角的计算以及管件起皱判断等功能,并开发出友好的图形用户界面,以增强后处理模块的实用性.其后处理二次开发思路同样适用于其他塑性成形过程.",,2009.0,,17,"数控弯管,ABAQUS,Python,二次开发,后处理",基于Python的ABAQUS数控弯管数值模拟后处理.pdf
浅析Python语言在县级坡度分级图制作中的应用,戴立乾，高鹏，叶海翔,"第二次全国土地调查中要制作分县的坡度分级图,对于空间数据的重复性处理过程,传统方法复杂而费时,利用Python语言设计算法,实现了数据的自动化处理,提高了工作效率.",,2009.0,,6,"Python,ArcGis,坡度分级,第二次土地调查",浅析Python语言在县级坡度分级图制作中的应用.pdf
面向Python应用的大学教学改革初探,秦科，刘贵松,"数据分析与处理是计算机应用面临的一项重要任务。针对国内大学的程序设计教学与数据分析存在脱节这一现象,分析Python自身的特点和Python计算生态的发展现状,结合工程项目中的应用经验,提出面向数据分析的Python程序设计语言教学改革方法并以案例说明。",,,,2,"Python,教学改革,实验教学,计算生态",面向Python应用的大学教学改革初探.pdf
基于Python的天文软件命令行界面设计与实现,陈蒙，王锋，邓辉...,天文数据处理软件的开发是天文技术研究的一个重要组成部分，如何为用户提供一个直观、快捷与友好的交互界面一直是软件开发人员关注的问题。在分析了当前主流命令行界面（ CLI）技术与CASA软件命令行的一些不足的基础上，结合新一代中国太阳射电日像仪（ CSRH）数据处理系统开发需求，设计并实现了一套基于Python语言的CSRH CLI用户界面系统。介绍了系统的实现框架和整体流程，并重点讨论了命令行中天文数据的数据类型定义、系统权限与视图控制、系统命令匹配、补全和联机帮助等技术难点的实现，进而通过软件开发中一个实际命令说明了在命令行框架下的模块开发方法，最后给出了命令行的运行界面与操作实例。研究成果已应用于太阳射电日像仪数据处理软件的开发中，取得了良好的效果，整个系统对其它天文软件的开发有较好的参考价值。,,2015.0,,2,"命令行,交互技术,太阳射电日像仪",基于Python的天文软件命令行界面设计与实现.pdf
Python语言在CIMISS中的应用,连高欣，王琪，沈岳峰,"CIMISS实现了国家级气象数据的整合集约,国省首次建立了统一的数据环境,并通过标准统一、功能丰富、调用高效的气象数据统一服务接口MUSIC。本文介绍了Python编程语言特性,及其相对于IDL,Fortran,Matlab等气象行业常用编程语言的优势。阐述了Python在国外气象行业中的应用,以及如何调用CIMISS的客户端SDK,Web Services以及Rest服务接口。气象科研人员通过掌握Python编程语言,能够快速地从CIMISS中获取和处理气象数据,并可以使用Python进行各类气象数据的处理。",,2018.0,,0,"Python,CIMISS,MUSIC,气象数据",Python语言在CIMISS中的应用.pdf
基于Python自然语言处理的文本分类研究,韦文娟，韩家新，夏海洋,"分类就是为给定的输入选择正确的类标签。在基本的分类任务中,每个输入被认为是与其他的输入隔离的,并且标签集是预先定义的。所以文本分类就是根据预先定义的主题类别,按照一定的规则将文档集合中未知类别的文本自动确定一个类别,它涉及到数据挖掘、计算语义学、信息学、人工智能等个学科,是自然语言处理的一个重要应用领域。目前,越来越多的统计分类方法、机器学习方法、数据挖掘技术和其它的新技术被应用到文本自动分类领域中,同时基于Python自然语言处理的文本分类研究在目前也得到广泛应用。",,2016.0,,1,"PYTHON,自然语言处理,NLTK,文本分类",基于Python自然语言处理的文本分类研究.pdf
基于面向云服务的Python并行计算的研究,陈从江,"近些年来,随着科技不断的高速发展,对大数据的处理计算变得越来越常见,例如,科学计算、工程制造以及实验模拟等。这些领域对大数据的计算处理的要求非常的高,这样对进行计算处理的计算机性能要求也是变得很高。不仅仅在硬件方面进行研究,在软件方面也在进行研究,进行一些技术上的整合,出现了新的技术在不改变的硬件条件的情况下,最大程度的提供并行计算的服务。其中现在最好的是一种并行计算网格的体系结构,它将分散的计算机整合到一个网格上来协同的完成计算需求,这很好的满足了需求。   根据现在出现的问题,以及现在存在技术,对并行计算进行一个深入的研究,进行一个并行计算平台的设计。本文以云计算、云服务、并行计算、面向服务体系结构、IronPython、以及虚拟化作为主要的研究内容。本文通过考虑到用户在使用并行计算的过程中,可能要遇到自身计算机性能有限以及安装并且进行运算库升级的问题。因为现在研究的方向是云计算,考虑到云计算方面存在的这些优点,想到了将云计算技术和并行计算技术进行相关的结合会很好的解决现在遇到的很多的难题,为用户提供很多的方便,不用考虑外部环境带来的难题,可以将更多的精力放在并行计算算法的编写上来。并且将计算节点的并行计算服务以云服务的形式在平台进行提供。通过对面向服务体系体系结构的研究,了解到这个体系结构中提供了接口,这些接口可以进行跨平台的计算数据的接受。并且使用Python进行了客户端,服务节点以及计算节点模块的设计,Python有自反和自观察的能力,能够调用库函数实现很多其他语言没法实现的功能。这些并行计算功能都是发布在云计算平台上的虚拟机上,并且在服务节点上还进行计算节点的检测的设计,达到智能化进行计算请求的分发。",,,,0,并行计算；云计算；面向服务体系结构；虚拟化技术,基于面向云服务的Python并行计算的研究.pdf
散射参数求复电磁参数群延迟方法,施建荣,"在微波频率范围内测量材料的复电磁性能因其应用广泛从而得到越来越多的重视,尤其是在我们很多熟知的研究领域,如材料科学,微波电路设计,吸收器开发,生物研究等。电磁测量的重要性体现在它可以提供材料电和磁的特性,被证明是可用于众多研究和发展领域。许多方法已被开发来测量这些复杂的属性,如在时域或频域的方法;单端口或双端口的测量方法,但每个方法都受限于特定频率的性质和应用程序制约因素。随着新技术的不断出现和发展,现在可以将使用矢量网络分析仪测量的反射和透射系数,通过适当的软件程序进行计算,将数据转换为复介电常数和相对复磁导率。本论文目的是描述从使用网络分析仪测量出的S参数进行计算从而得出材料的电磁特性的一般程序。但由于散射参数求复电磁参数存在多值性的问题,故国内外专家提出了多种解决多值性以及半波长倍数据发散的问题,比如：冗余比较法,虚部补偿法等。解决半波长数据结果发散的问题通过短试样等方法来解决。或者对求解方程式进行改写,使得求解过程不会包含分母趋近于0的计算式,从理论上消除了半波谐振问题o Python本身被设计为可扩充的。并非所有的特性和功能都集成到语言核心。Python提供了丰富的API和工具,以便程序员能够轻松地使用C语言、C++、Cython来编写扩充模块。Python编译器本身也可以被集成到其它需要脚本语言的程序内。因此,很多人还把Python作为一种“胶水语言”(glue language)使用。使用Python将其他语言编写的程序进行集成和封装。python程序是一个完全开源的程序软件,除了其自带的math包和cmath包；同时广大的开发人员编写了相应的科学计算程序,如本论文使用的NumPy以及Matplot绘图程序软件。本论文设计实现了使用从网络矢量分析仪测得的数据,编写相应的python程序,通过文件读取模块对网络矢量分析仪测得的数据进行预读取和初步的数据处理,然后传递给数据运算模块利用群延迟的方法来计算复介电常数和相对复磁导率的方法,通过计算群延迟和测量群延迟的数值比较得到确定的n值,从而解决n值的多值性问题,并且同时解决了半波长倍数的数据发散问题。然后利用绘图模块队数据结果进行绘图,使得数据有一个比较直观的比较和认识.最后还进行了数据的误差分析,通过误差分析,同时进行了数据在可能误差情况下的计算,本论文的方法对误差的容忍度较高。",,2013.0,,1,"网络矢量分析仪(Vector,Network,Analyzer,群延迟(Group,Delay,python",散射参数求复电磁参数群延迟方法.caj
Python在遥感专业GIS开发实践教学中的应用与探讨,张震,"针对遥感专业地理信息系统(GIS)开发实践教学过程中存在学生编程基础薄弱和自信心差等问题,选择简单易学的Python作为开发语言,将Python与GIS地理设计进行结合。利用故事教学法,引导学生从完成Python地理数据批处理到复杂的地理设计任务,逐渐提高学生编程信心,培养学生编程意识。实践证明,Python深受学生欢迎,取得了良好的教学效果。最后,针对专业培养方案增加Python课程、延长实践时间、集成遥感与GIS等方面给出进一步改革建议。",,,,0,"实践教学,遥感,GIS开发,PYTHON,故事教学法",Python在遥感专业GIS开发实践教学中的应用与探讨.pdf
基于Python的常用数值排序算法比较分析,杜虎彬，生龙,"排序是计算机学科领域研究的重要课题之一,良好性能的算法,性能良好的排序算法可以对大规模无序数据进行高效的排序,便于数据的进一步分析处理.由此基于Python的数值排序算法比较分析,通过对冒泡排序,选择排序,插入排序,快速排序,希尔排序进行多组实验数据的从而得到各排序算法在特定数据环境下的性能优劣分析,从而得到各排序算法在特定数据环境下的性能优劣.",,,,0,,基于Python的常用数值排序算法比较分析.pdf
基于Python的决策树算法在学生招生录取数据中的应用研究,黄雪华,"分类算法是数据挖掘技术中非常重要的一个研究领域,预测离散数据的分类标号。主要应用于客户分类、垃圾邮件处理、信用卡分级等。该文主要研究分类中的决策树算法,并应用于我校学生招生录取数据,采用Python语言建立分类模型,并验证了该模型的准确率。",,,,0,,基于Python的决策树算法在学生招生录取数据中的应用研究.pdf
基于Python语言的MySQL数据库应用层水平分区技术的研究,应乐,"在现代的信息处理中,随着越来越庞大的数据量,单一的数据库存储很难再满足需求,对数据库水平分区的需求越来越多。但是现阶段MySQL数据库对分区有很多限制,比如分区后将不支持外键引用、非整数的算术操作、位运算操作,分区中表的主键类型也必须是整数,对和分区数量也有限制,分区主键也不能为子查询等。 由于很多产品用的是MySQL数据库,为了确保对原有产品的改动尽可能少的情况下进行数据库水平分区,并且解决MySQL数据库的分区限制,从而确保原有投资得到最大保留。 为此,需要有一个MySQL数据库和应用程序之间的中间层,既能解决MySQL数据库的上述限制,又能保留原始的SQL语句语法和应用程序接口,从而完善MySQL数据库对水平分区的限制,也就能使得原有的产品不作任何改动即可适应分区后的MySQL数据库,从而使得原有投资得到最大保留。 由于Python脚本语言比较简便,比较适合于描述业务逻辑,速度在脚本语言中也属于前列,很多产品使用了Python语言进行了开发。 所以本文基于Python语言,从SQL语句分析入手,把SQL语句中的多表查询拆分成多条单表查询,并对从多个数据库中的多个单表查询结果根据联合条件进行汇总,返回和原始SQL执行结果一致的数据。从而解决了MySQL数据库的上述限制。再用真实负载的测试表明：在单表查询结果集不很大的情况下,能获得接近线性的扩展比。",,2010.0,,1,"MySQL,水平分区,SQL分析",基于Python语言的MySQL数据库应用层水平分区技术的研究.caj
应用Python实现外业轨迹文本的矢量化,吴君峰，唐芳，曲瑞超...,"在测绘外业调查中,随身携带的移动端设备会产生大量的记录轨迹点位坐标的文本文件。针对外业轨迹文本矢量化的成果要求,本文利用Python开发语言和Arc GIS矢量数据处理工具,编写了外业轨迹文本批量转换矢量线的软件。研究结果表明,该软件自动化程度高,实现了对XML、KML、CSV、TXT等多种文本的转换,能够解决外业轨迹文本个数多、数据量大的问题,提高了工作效率和成果质量。",,,,0,,应用Python实现外业轨迹文本的矢量化.pdf
基于朴素贝叶斯的中文文本分类及Python实现,张航,"当前,随着计算机不断普及以及互联网的快速发展,在这个新科技知识不断涌现和拥有空前规模信息量的“信息爆炸时代”；信息来源渠道极广,传播速度极快,浩如烟海的信息鱼龙混杂,在短时间内能从中获取有用的信息成为人们迫切的需求。为了满足人们的需要,应运而生了文本数据挖掘中的中文文本分类方法,它是将统计方法与机器学习方法结合应用于文本分类中。中文文本分类是根据文本内容的主题词等属性特征将其划分到用户根据需求定义的相应类别中,一般是通过输入文本的特征向量,得到输出结果文本分类类别。本文首先介绍文本分类的研究背景、国内外研究现状以及这种方法实际应用的价值,然后介绍了中文文本分类的理论分析流程以及朴素贝叶斯分类器和逻辑回归分类器的理论思想。实验阶段选取“搜狗语料库”下5个类别的新闻数据按照理论流程用Python的集成环境anaconda进行编程操作。先对数据集进行分词和删除停用词处理,然后将TF-IDF与N-Gram结合进行特征降维处理,先后构造朴素贝斯分类器和逻辑回归分类器进行中文文本分类,为使得分类器性能指标中的精确率、召回率等能够更加精确一点,使用了交叉验证方法,最后还对分类器的最优参数进行了寻找。经过对比发现朴素贝叶斯分类器的分类效果更好一些。",,,,0,中文文本分类；TF-IDF；朴素贝叶斯分类器；Python,基于朴素贝叶斯的中文文本分类及Python实现.caj
Java与Python整合方案的研究与实现,赵志升，张晓，马腾,"Java领域最大的变化就是基于JVM语言的流行,脚本引擎能为应用程序提供极大的可扩展性,Java已经进入了混合编程时代。Python具有较强的字符处理功能,高效率的数据结构,动态的可嵌入到各种开发领域,这种灵活性可弥补J2EE应用开发中的一些问题。本文介绍了Java中如何使用脚本语言Python,并对Python语言和Java语言如何进行整合,给出了三种不同的方案。",,2015.0,,0,"PYTHON,JAVA,整合",Java与Python整合方案的研究与实现.pdf
基于Python的图表自动生成系统,高蓓,"本系统是基于Python的图表自动生成系统,在大数据比较热门的现在,大量的纯数字本身不具有可读性和影响力,因此需要对数据在一定条件下进行加工处理使其可视化。近些年来,各个国家的专家学者对于数字可视化中统计图表的研究也进一步加深,并且产生了大批的平面制图软件,本文根据对其他制图软件的深入研究和学习,介绍了一个自动生成图表系统。基于Python的图表自动生成系统包括图表类型选择、绘图、题目设置、坐标轴设置等传统意义上的制图功能,除此之外还增加了代码的导入和导出功能使系统更加灵活多样化。本系统基于Python语言和PyQt平台开发,使用csv文件导入和MySQL数据库连接,其创新之处是生成模板的功能,即模板能够以一个figure窗口同时展示已经制作好的多个图像。本系统分为两个系统界面,主界面是模板生成界面,子界面是绘图界面,两个界面实时交互,子界面绘制的图像或者做出的修改会即刻显示在主界面中,两个界面互相协作共同完成系统的运行。由于时间和能力的原因,本系统还具有很多的不足,同时也具有良好的发展空间巨大的潜力,在制图方面具有一定的经济效用和一定的商业价值,值得继续探索和发展。",,,,0,Python；图表生成；PyQt；模板,基于Python的图表自动生成系统.caj
基于Python的图表自动生成系统,高蓓,"本系统是基于Python的图表自动生成系统,在大数据比较热门的现在,大量的纯数字本身不具有可读性和影响力,因此需要对数据在一定条件下进行加工处理使其可视化。近些年来,各个国家的专家学者对于数字可视化中统计图表的研究也进一步加深,并且产生了大批的平面制图软件,本文根据对其他制图软件的深入研究和学习,介绍了一个自动生成图表系统。基于Python的图表自动生成系统包括图表类型选择、绘图、题目设置、坐标轴设置等传统意义上的制图功能,除此之外还增加了代码的导入和导出功能使系统更加灵活多样化。本系统基于Python语言和PyQt平台开发,使用csv文件导入和MySQL数据库连接,其创新之处是生成模板的功能,即模板能够以一个figure窗口同时展示已经制作好的多个图像。本系统分为两个系统界面,主界面是模板生成界面,子界面是绘图界面,两个界面实时交互,子界面绘制的图像或者做出的修改会即刻显示在主界面中,两个界面互相协作共同完成系统的运行。由于时间和能力的原因,本系统还具有很多的不足,同时也具有良好的发展空间巨大的潜力,在制图方面具有一定的经济效用和一定的商业价值,值得继续探索和发展。",,,,0,Python；图表生成；PyQt；模板,基于Python的图表自动生成系统.caj
基于Python机器学习的可视化麻纱质量预测系统,张凯姣,"纺织加工过程中,原料的纤维指标与成纱质量指标之间存在一定的联系,我们可以借助神经网络算法来进行成纱质量预测。但是目前,我国的麻纱纺织行业企业,智能化程度仍然不够,例如,对数据的处理仍采用人工处理,虽然已有很多的研究表明神经网络在预测成纱质量方面有很高的精确度,但是普通纺织企业并不能将其运用到实际的生产过程中去。事实上,目前并没有以普通纺织行业的普通工人为受众的成纱质量预测系统的开发,导致这些预测模型没能实现用户化。(1)本文在前人对成纱质量预测算法的研究基础上,通过对苎麻纤维指标:束纤维平均断裂强(CN/Tex),精干麻平均支数(Nm),精干麻硬条率,精梳条麻粒,精梳条并丝,精梳条重量不匀,精梳条重量偏差,精梳条回潮率进行训练,对成纱不匀,成纱条干,成纱麻粒三个性能指标进行预测。首先采用MEA-BP预测模型进行建模分析,在此基础上,采用LM算法优化改进MEA算法,从而提高了模型的预测精度,加快了收敛速度。提出了基于MEA-LM-BP的神经网络算法对成纱质量进行预测。首次引入小波神经网络算法对成纱质量进行预测。通过建模分析得出小波神经网络在预测成纱质量方面有较高的预测精度。(2)本文借助Python平台设计并实现了基于模块化设计的成纱质量预测系统,设计了预测模块,数据处理模块以及可视化模块,并且提供了便捷的GUI界面,用户在使用时只需要以点击按钮的方式就可以实现使用模型完成成纱质量预测的操作。(3)运用web技术单独设计了一个简单的在线麻纱数据管理页面,方便数据的在线管理,方便相关人员可以随时随地进行数据的增、删,改等操作,最重要的意义在于此web页面可以直接与麻纱预测系统进行对接,甚至可以实现对实时数据的操作,这样的设计更符合大数据时代的潮流。",,,,0,Python；机器学习；GUI；MEA-LM-BP神经网络；小波神经网络,基于Python机器学习的可视化麻纱质量预测系统.caj
基于Python语言的网络日志处理系统设计,杨丕仁,"摘 要： 随着互联网的发展,网络已经成为人们生活不可缺少的一部分。现在接入互联网的形式已经发生了变化,由传统的PC机接入发展到今天的各种移动终端(手机、平板电脑、物联网设备)接入,从而对网络安全提出了更高要求。在网络安全管理中,对用户行为管理是最基本的,只有管理好用户的上网行为才能做对网络可查可管。该系统将以Python程序架构为基础,设计一套适合处理校园网络用户上网行为的程序。",,2016.0,,0,"网络安全,用户上网行为,数据分析",基于Python语言的网络日志处理系统设计.pdf
基于Python的半导体测试软件系统的设计与实现,刘丽媛,"半导体测试软件要实现较多的功能,并在现有的功能中很好地实现对所需数据简便、快速、全面的处理,满足半导体测试的自动化和快速化。本文基于半导体实际的测试功能点和测试需求,根据半导体测试和自动化测试的特点,在Python语言的基础上,设计半导体测试系统。该系统包含多个测试功能的模块,应用多种自动化测试技术实现自动化测试,完成半导体的特征分析测试。论文工作主要包括： 结合ACS (Automated Characterization Suite,自动化特征分析套件)的系统结构和基于配置文件的设计方法,设计半导体测试数据配置和操作设置的可视化界面模块；设计对测试脚本数据和操作分开解析的解析执行模块；设计对半导体特征分析数据进行分析画图的分析模块；设计方便测试人员随时查看测试报告的报告生成模块。 根据半导体测试需求变更多和设计开发周期短的情况,针对各模块中的测试脚本,结合测试脚本的逻辑及功能特点,采用面向对象的软件测试技术和Python面向对象编程技术,选用测试数据和操作分离的方式,编码实现各模块的自动化测试并将测试用例逐步集成到半导体测试系统。 系统编码实现后,构造测试系统的Windows运行环境,在实际的半导体测试项目中进行部署,对半导体进行特征分析；对比半导体手工测试和半导体自动化测试的效率差异,验证半导体测试系统的可行性。 经测试,半导体测试系统能够实现Windows操作系统中的半导体特征分析,满足半导体产业对灵活性和扩展性的不同需求,填补交互式实验室研究设备与高成本和高产能的生产测试设备之间的空白,具有现实意义。",,2013.0,,3,"半导体,Python,配置文件,半导体特征分析",基于Python的半导体测试软件系统的设计与实现.caj
Python与R语言联合应用的实现,平凯珂，陈平雁,@@,,,,0,"语言,联合应用,数据处理,统计软件,面向对象",Python与R语言联合应用的实现.pdf
基于PYTHON的大型医疗设备成本效益分析软件的开发,苏鹏,"大型医疗设备是当代医院整体实力的反映和重要标志。随着医院对管理要求、医疗质量、科研能力等各方面需求的提升，大型医疗设备被不断引进并投入医院日常运营体系之中，其极大地促进医院管理、医疗、科研等水平的提升。其次，大型医疗设备在日常医院诊疗业务中的深入使用及其所带来的收益，是医院主要经济收入来源之一。随着近十几年计算机技术迅速地发展，医院管理的信息化程度也越来越高，医院的信息系统（Hospital Information System, HIS）、医疗图像管理与通信系统（PictureArchiving and Communications System, PACS）逐步普及应用。正因如此，在医院现有医院信息系统数据基础之上，如何准确掌握医院现有大型医疗设备的使用状况，通过科学的方法去分析、开发、挖掘现有设备的实际使用情况及应用趋势和潜力显得尤为重要。

	本文旨在通过针对医院各信息系统中的日常业务数据，包括病患使用大型医疗设备的收益情况数据、设备使用量数据，设备运维数据等直接数据，结合医院人力资本、能源消耗等辅助数据，对大型医疗设备的利用状况进行量化评价和分析，从而促使大型医疗设备在配置、引进和使用等各方面走上良性循环，避免只讲预期创收、不计实际成本地粗犷型管理，使大型医疗设备在医院中能最大地发挥其经济效益和社会效益。

	本文首先从目前国内外的应用现状出发，建立了大型医疗设备成本效益分析模型，调研和分析了大型医疗设备成本分析软件的功能需求和非功能需求，采用用例方法对功能需求进行分析建模，并针对每个用例进行详细规约定义。

	然后，本文提出大型医疗设备成本分析软件的设计方案和实现技术，分别从逻辑视图、部署视图和数据视图等多个角度进行设计建模。系统采用浏览器/服务器模式（Brower/Server）（简称B/S结构）、MTV（Model-Template-View）模式和多层架构，从上到下依次由四个层次组成，分别是响应处理层、应用处理层、数据映射及模板调用层和数据服务及文件服务层。

	最后，本文使用Django1.3、Python2.5、Apache2.2等开发工具，实现了大型医疗设备成本分析软件，并进行了全面地单元测试、功能测试和性能测试。系统平均最大响应时间小于2s，当历史数据超过10万条的压力测试下，响应时间少于8s。系统测试发现缺陷率为1.8/kloc，达到了既定目标，缺陷全部得以修正。目前系统已在复旦大学附属肿瘤医院投入试用。",,,,1,设备成本效益分析；HIS数据整合；Python技术,基于PYTHON的大型医疗设备成本效益分析软件的开发.caj
Python语言在燃油箱晃动噪声模拟中的应用,陈学宏,"燃油箱晃动噪声模拟,需要在流固耦合模拟和声固耦合模拟之间传递数据,然而目前Abaqus软件并不具有上述数据传递功能。文章采用python语言,编写相应Abaqus软件前处理脚本文件,实现上述数据传递功能,实现燃油箱晃动噪声模拟。同时,文章还编写相应Abaqus软件后处理脚本文件,使Abaqus软件能够直接输出声压级,从而使晃动噪声模拟更具工程实用性。",,2012.0,,1,"晃动噪声,python,燃油箱,流固耦合,声固耦合",Python语言在燃油箱晃动噪声模拟中的应用.pdf
Python在中小学教学中的应用,赵福生，刘力,"在中小学信息技术课程标准中,都有""算法和编程""的模块,它既是信息技术的核心,也是难点,信息技术教师应该把这部分放在培养学生兴趣的位置,既不是走走形式,也不是培养他们成为程序员,我们教孩子学习编程的目的不是鼓励孩子学习计算机专业,而是借助这样一种工具锻炼孩子的逻辑思维,增强信息技术意识,培养他们处理数据的能力。那么选择什么样的语言比较合适成为话题,很多省市选择了Python语言,该文结合Pythton的功能分析它的优势有哪些,中小学教师如何发挥它的优势展开教学,如何克服初学者学习编程的障碍,突破语言难点,增加学生兴趣,达到课程标准。",,,,0,"PYTHON,课程标准,信息素养",Python在中小学教学中的应用.pdf
一种基于Python和BP神经网络的股票预测方法,曾武序，钱文彬，王映龙...,"股票预测可以辅助投资者进行正确的金融投资,本文使用Python语言开发网页爬虫爬取真实的股票数据,首先通过requests库获取网页数据,使用Beautiful Soup库解析静态html页面,并通过查找标签获取股票数据,然后对数据进行解析,用xlwt库将数据存入excel文件,并对数据归一化处理,最后,在三层BP神经网络中根据批量梯度下降法调整隐含层结点个数,以获取相对更优的连接权值和阈值,从而对股票的涨跌做出预测,为投资者的投资行为提供参考。",,,,0,,一种基于Python和BP神经网络的股票预测方法.pdf
基于Python的软件测试自动化平台研究,张璐，黄金武,"随着科技的高速发展,各类软件如雨后春笋涌现。软件测试是极为重要的一项工作,可以有效地发现软件中存在的问题并提出解决方案,本文设计基于Python的软件测试自动化平台,对于数据共享与通信协议等问题进行了解决,通过数据处理、工作流设计、C#模块设计、Python入口文件设计等几个环节对于该平台进行了设计,为其进一步发展打下坚实的基础。",,2015.0,,0,,基于Python的软件测试自动化平台研究.pdf
操作系统安全(一),卿斯汉,"1 UNIX操作系统安全性概述 Unix是一种多用户、多任务的操作系统.这类操作系统的一种基本功能就是防止使用同一台计算机的不同用户之间互相干扰.所以,Unix的设计宗旨是要考虑安全的.当然,Unix中仍然存在很多安全问题,其新功能的不断纳入及安全机制的错误配置或不经心使用,都可能带来很多问题.",,,,199,,操作系统安全(一).pdf
嵌入式操作系统综述,涂刚，阳富民，胡贯荣,简单介绍了嵌入式操作系统的特征，详细分析了目前常见的嵌入式操作系统及其实现技术。,,2000.0,,310,"嵌入式系统,嵌入式操作系统",嵌入式操作系统综述.pdf
嵌入式Linux操作系统的研究,刘文峰，李程远，李善平,"在Linux内核以及Linux应用环境的研究基础上,采用操作系统模块分解改进的方法,实现在不同系统芯片(system on chip,SoC)硬件平台上可运行的嵌入式Linux操作系统.分解改进的模块包括:启动代码的平台相关性移植;内存管理模块无内存管理单元(memory management unit,MMU)支持的设计;进程调度模块的实时性改进;文件系统小型化设计.这些模块可以根据需求进行组合来满足不同的开发板和应用.此外,对嵌入式Linux开发方式做了总结.完成了在两个不同体系结构硬件平台上嵌入式Linux的原型系统.测试数据表明,改进后的Lin-ux可以满足嵌入式运行环境的需求,并且可以稳定地提供一定功能的应用服务.",,2004.0,,221,"嵌入式系统,操作系统,Linux",嵌入式Linux操作系统的研究.pdf
4种实时操作系统实时性的分析对比,王伟，蒋斌,"本文分析了适用于测控领域的4种实时操作系统,并对比了它们实时性能的重要指标,归纳了实时性设计和实现中的若干问题。",,2003.0,,95,"实时操作系统,VxWorks,mC/OS-II,RT-Linux,QNX",4种实时操作系统实时性的分析对比.pdf
嵌入式操作系统技术发展趋势,林建民,"从嵌入式操作系统发展的历史、嵌入式操作系统市场和技术发展的变化着手,通过分析当前典型嵌入式操作系统的特点,探讨嵌入式操作系统在可定制、面向对象、分布式等方面的未来发展趋势.",,2001.0,,319,"嵌入式操作系统,实时操作系统,""nux,WindowsCE,VxWorks",嵌入式操作系统技术发展趋势.pdf
嵌入式操作系统介绍及选型原则,宋延昭,"介绍了选择嵌入式操作系统应遵循的六条原则,并比较了目前几种嵌入式操作系统VxWorks、WindowsCE、嵌入式Linux、μC/OS-Ⅱ等各自的优缺点.",,2005.0,,428,"嵌入式操作系统,选型原则,VxWorks,WindowsCE,嵌入式Linux,μC/OS-Ⅱ",嵌入式操作系统介绍及选型原则.pdf
嵌入式操作系统设计中的若干问题,李江，常葆林,"该文从任务调度、存储管理、中断和操作系统与用户的接口等4个部分出发,讨论了嵌入式操作系统与一般的操作系统的相同与不同之处,这4个部分是组成一个操作系统最重要的组成部分.从而得出要设计、选择一个好的嵌入式操作系统,必须从被嵌入系统的需求出发,根据实际的应用来设计、选择嵌入式操作系统.",,2000.0,,137,"嵌入式操作系统,任务调度,存储管理",嵌入式操作系统设计中的若干问题.pdf
高安全等级安全操作系统的隐蔽通道分析,卿斯汉,"摘 要： 总结隐蔽通道分析的30年研究进展,根据理论研究与工程实践,说明隐蔽通道及其分析的本质与内涵,指出隐蔽通道分析方法在实际系统中的重要应用,并展望这一领域的若干热点研究方向.",,2004.0,,79,"安全操作系统,隐蔽通道分析,信息流,存储通道,定时通道",高安全等级安全操作系统的隐蔽通道分析.pdf
智能手机操作系统概述,李惠，丁革建,摘 要： 本文对当前市场上流行的智能手机的操作系统作了简要介绍，同时概括了一下当前手机操作系的情况，最后预测了未来智能手机的主流操作系统。,,2009.0,,177,"智能手机,操作系统,Symbian,ANDROID,MAC,OS",智能手机操作系统概述.pdf
安全操作系统审计的设计与实现,刘海峰，卿斯汉，刘文清,"审计子系统作为安全操作系统的 一个重要组成部分 ,对于监督系统的正常运行、保障安全策略的正确实施、构造计算机入侵检测系统等都具有十分重要的意义 .给出了一个基于 L inux资源 ,拥有自主版权 ,符合GB1785 9- 1999第三级“安全标记保护级”的审计子系统的设计和实现 .在此审计系统中 ,通过在核内及应用程序中设置审计点 ,以全面地收集数据 ;通过在主体和客体两方面设置审计标准 ,使审计标准的配置更加灵活、全面 ;通过优化缓冲区的管理 ,提高了整个子系统的效率 .",,2001.0,,64,"安全操作系统,审计,审计记录,Linux资源",安全操作系统审计的设计与实现.pdf
三种嵌入式操作系统的分析与比较,熊江,介绍三种常用的嵌入式操作系统——Palm OS、Windows CE、Linux；在此基础上，分析、比较这三种嵌入式操作系统，给出它们之间的异同点及各自的适用范围。,,2003.0,,183,"嵌入式操作系统,开放源代码,文件管理,文件系统,嵌入式计算机",三种嵌入式操作系统的分析与比较.pdf
嵌入式实时操作系统的现状和未来,何小庆,从RTOS（嵌入式实时操作系统）发展的历史、RTOS市场和技术发展的变化、RTOS的未来及RTOS在中国几个方面，给出RTOS的现状、未来发展方向及RTOS的应用领域：系统级、板级、SOC级。,,2001.0,,178,"嵌入式实时操作系统,计算机,嵌入式微处理器,微内核",嵌入式实时操作系统的现状和未来.pdf
实时操作系统用于嵌入式应用系统的设计,蒋书波，张焕春，经亚枝...,"概述了嵌入式系统的开发工具--实时操作系统的特点和核心内容;分析了在利用实时操作系统进行嵌入式系统设计时,经常要面对的几个方面的问题.",,2001.0,,77,"实时操作系统,嵌入式系统设计",实时操作系统用于嵌入式应用系统的设计.pdf
嵌入式系统中的实时操作系统,叶以民，赵会斌，耿增强...,"简要介绍了实时操作系统的实现方法 ,例举了基于Linux核心的实时操作系统。",,2000.0,,137,"嵌入式系统,实时操作系统",嵌入式系统中的实时操作系统.pdf
Linux操作系统在ARM9处理器上的移植,王晓宁，王振臣，张少兵...,"嵌入式系统在工业生产和日常生活中的应用已经越来越广泛,基于ARM的Linux嵌入式系统更是因其各个方面的优良特性成为当前嵌入式研究的热点.结合实例阐述了Linux内核移植到ARM9芯片S3C2410的具体实现过程,重点论述了移植过程中的具体方法及需要修改的文件,其中Linux操作系统选用RedHat9.0版本,交叉编译工具为arm-linux-gcc3.4.1,移植主要内容为:交叉环境的建立,引导程序 (BootLoader)移植,内核的移植,最后,将编译好的内核代码通过已经移植好的BootLoader下载到开发板上,Linux系统就成功的移植到了ARM处理器中.",,2010.0,,150,"嵌入式,移植,内核,Linux",Linux操作系统在ARM9处理器上的移植.pdf
常用嵌入式实时操作系统比较分析,郁发新,以与实时系统开发过程密切相关的实时性、故障容错和标准兼容性等关键特征为基础，提出一套对嵌入式实时操作系统性能衡量的标准，涵盖体系结构、硬件支持、调度管理、内存管理、进程间通讯、定时性能、网络支持、文件系统、驱动编程以及开发调试等关键特证。并利用该标准对常用嵌入式实时操作系统进行了详细地分析与对比，为系统研发过程中嵌入式实时操作系统的选择提供指南。,,2006.0,,97,"嵌入式操作系统,实时性",常用嵌入式实时操作系统比较分析.pdf
基于Linux的实时操作系统的分析与研究,邢国良，韦宏利，伍卫国...,"本文讨论了实时操作系统的现状及标准 L inux作为实时应用的一些不足 ,并从实现机制上分析了造成这些不足的原因 .在此基础上 ,深入分析了现有的实时 L inux操作系统的特性和设计实现原理 ,并对进一步的工作提出了展望",,2001.0,,84,"实时操作系统,Linudx,RTLINUX,任务调度,中断模拟,进程通信,PC机",基于Linux的实时操作系统的分析与研究.pdf
嵌入式实时操作系统移植技术的分析与应用,黄涛，徐宏喆，陈宁...,"介绍了一种嵌入式实时操作系统--μCOS-II的内核结构,着重分析了它的移植技术,详细描述了该系统移植到Motorola基于Power PC构架的32位单片机MPC555上的实现过程,从而总结了μCOS-II移植到不同目标板的一般性方法.",,2003.0,,94,"实时操作系统,μCOS-II,移植,MPC555",嵌入式实时操作系统移植技术的分析与应用.pdf
Linux与嵌入式操作系统,周德新，张向利,"本文描述了嵌入式系统 ,嵌入式操作系统 ,L inux操作系统的特点及应用 ,并对 L inux操作系统用于嵌入式系统的可行性进行了分析论述。",,2000.0,,126,"嵌入式系统,嵌入式操作系统,Linux操作系统",Linux与嵌入式操作系统.pdf
嵌入式操作系统FreeRTOS的原理与实现,刘滨，王琦，刘丽丽,FreeRTOS是一个源码公开的免费的嵌入式实时操作系统，通过研究其内核可以更好地理解嵌入式操作系统的实现原理。本文主要阐述FreeRTOS系统中的任务调度机制、时间管理机制、任务管理机制以及内存分配策略的实现原理，并指出FreeRTOS在应用中的优缺点。,,2005.0,,85,"RTOS,FreeRTOS,任务调度,内存管理",嵌入式操作系统FreeRTOS的原理与实现.pdf
Linux在嵌入式操作系统中的应用,陈闳中,"分析了Linux作为嵌入式系统开发平台的优越性,讨论了改进Linux实时化的方案以及实时任务与内核通信的问题,并提出了压缩系统规模的具体措施.",,,,98,"嵌入式系统,实时操作系统,Linux",Linux在嵌入式操作系统中的应用.pdf
无针密闭输液操作系统在肿瘤内科的应用,王丽芬，周艳,"为了预防静脉炎,减轻患者的痛苦,1994年我们采用周围静脉留置针进行静脉输液.在输液完毕封管时,最常用的方法是肝素盐水封管,但长期化疗的病人每日肝素盐水封管,既给护士增加了工作量,同时又存在许多弊病.为了满足临床护理的需要和适应静脉输液技术的发展,我科于2000年9月开始使用可来福接头,采用无针密闭输液方式对病人进行输液治疗,取得了良好的临床效果.",,2002.0,,56,"无针输液,可来福接头,应用",无针密闭输液操作系统在肿瘤内科的应用.pdf
一个基于Linux的嵌入式实时操作系统,刘云新，张尧学,在分析Linux和嵌入式实时操作系统的基础上，介绍了一个基于Linux的嵌入式实时操作系统：SOPCA。,,2001.0,,102,操作系统Linux实时嵌入式SOPCA,一个基于Linux的嵌入式实时操作系统.pdf
基于ARM平台及嵌入式实时操作系统的通信管理机,路小俊，吴在军，郑建勇...,"变电站内的通信网络和通信协议的多样性带来了如何实现互操作的现实问题,而基于IEC 61850标准的变电站自动化系统不可能短期内实现,一个可行的解决方案就是在变电站通信网络中采用通信管理机。通过通信管理机,可以实现低速的串行总线、现场总线网络和高速以太网之间的互联,构建出高速、可靠、开放的变电站通信网络。基于ARM平台采用嵌入式以太网技术和嵌入式实时操作系统,设计了一种具有多种通信接口,能实现异种网络互联的通信管理机,简述了通信管理机在变电站自动化系统应用优势,详细介绍了该系统软、硬件的设计实现。",,2005.0,,33,"变电站自动化系统,通信管理机,ARM平台,嵌入式实时操作系统,嵌入式以太网",基于ARM平台及嵌入式实时操作系统的通信管理机.pdf
VxWorks操作系统及实时多任务程序设计,刘尉悦，张万生，邢涛...,数字式声纳系统需要实时显示其搜索、跟踪结果，同时对用户命令作出及时的响应，并实时控制前端的硬件。本文基于VxWorks实时操作系统和X窗口系统的显示及控制程序设计，着重介绍实时多任务程序设计。,,2001.0,,81,"实时操作系统,VxWorks,多任务,窗口系统,程序设计",VxWorks操作系统及实时多任务程序设计.pdf
嵌入式实时操作系统选用的初步分析,刘波，马连川,摘 要： 介绍了嵌入式控制系统以及其软件的开发平台－－嵌入式实时操作系统，指出使用嵌入式实时操作系统作为开发平台可开发快速、复杂、可靠性要求较高的控制系统是目前控制领域的发展趋势。,,2000.0,,94,"嵌入式实时操作系统,软件开发,控制系统",嵌入式实时操作系统选用的初步分析.pdf
服务体模型与操作系统内核设计技术,李宏，陈香兰，吴明桥...,"操作系统内核通常分为宏内核和微内核两类,前者可扩展性与可维护性很差,而后者效率低下,缺乏实用性.服务体模型是一种新型的操作系统构造模型,该模型使其存储抽象与运行抽象相分离,并采用一种新的基于消息推动的通信机制,既保持了微内核模型灵活和可扩展性,又具有很高的运行效率.MiniCore是基于服务体模型的一个原型操作系统,通过将该操作系统应用于路由器硬件实验平台,以实例说明了所提出操作系统构造模型的优越性.",,2005.0,,40,"操作系统,微内核,服务体,执行流",服务体模型与操作系统内核设计技术.pdf
基于ARM的嵌入式Linux操作系统移植,英海燕,"论述了基于ARM微核的微处理器上的嵌入式Linux操作系统的移植技术,结合具体实例给出了在特定硬件平台上的实现过程,并且详细说明了如何建立交叉开发环境的方法.对其他嵌入式操作系统的开发同样具有参考意义.",,,,117,"操作系统,ARM,Linux",基于ARM的嵌入式Linux操作系统移植.pdf
主要智能手机操作系统发展现状及前景展望,李宗恒，李俭伟,"文章简要介绍了主要智能手机操作系统现状并进一步分析了其发展现状;最后,在此基础上展望了主要智能手机的发展前景,指出:未来随着智能手机发展、应用日益丰富以及各方产业力量博弈等,全球智能手机操作系统市场将呈现出被若干主要产品瓜分的新格局。",,2010.0,,119,"智能手机,操作系统",主要智能手机操作系统发展现状及前景展望.pdf
基于Linux的嵌入式操作系统的研究现状及发展展望,王成，刘金刚,"分析了当今主流的嵌入式Linux操作系统的特点,介绍了其研究现状,并展望了未来发展.",,2004.0,,123,"嵌入式系统,嵌入式操作系统,Linux",基于Linux的嵌入式操作系统的研究现状及发展展望.pdf
Symbian操作系统及其应用程序开发,方银旺，赵问道，李欣,"首先对Symbian操作系统的特点、参考设计及其框架作了综述,然后介绍了开发基于Symbian平台的应用程序的基础知识,包括应用程序的文件结构、开发的基本步骤、基本类之间的关系,最后,对Symbian前景作了预测.",,2003.0,,59,"Symbian,框架,基于Symbian,开发",Symbian操作系统及其应用程序开发.pdf
嵌入式操作系统Linux中的串口应用编程,唐建东，卢贵主,针对嵌入式Liunx操作系统的特点，分析在该系统下串行通信口编程控制的方法，总结程序设计的步骤；在嵌入式Liunx系统上。编写控制程序，成功地实现嵌入式系统与微机系统间的数据交换。,,2002.0,,79,"串口编程,嵌入式Linux,Linux内核",嵌入式操作系统Linux中的串口应用编程.pdf
实时操作系统中应用软件设计的任务划分,王春铭，刘振华，郭云飞,"首先对建立在实时操作系统上的多任务系统进行了一般性的介绍,其次重点对应用软件中任务的划分和构造作了详细的介绍,并提出了划分的一般性原则.最后对几类常见错误的划分及其解决办法作了深入探讨.",,2000.0,,70,"实时操作系统,任务划分,优先级",实时操作系统中应用软件设计的任务划分.pdf
当前智能手机操作系统及其比较分析,李芙蓉,"手机发展至今,其概念已经远远超过了接打电话这个范畴,随着科技的发展,功能强大的智能手机出现了,而支持它的就是手机操作系统,它能够支持第三方软件,将手机功能发挥到极致.",,2008.0,,100,"智能手机,手机操作系统",当前智能手机操作系统及其比较分析.pdf
选择嵌入式实时操作系统应注意的几个问题,武强,"针对嵌入式系统开发的特点和要求 ,从产品研制的实际情况出发 ,对当前主流的几个嵌入式实时操作系统的特点进行了简要分析 ,从实用性、经济性、通用性等方面着手 ,提出了选择嵌入式实时操作系统时应当重视的几个问题 ,并提出了解决方法。",,2002.0,,88,"嵌入式系统,实时系统,实时操作系统",选择嵌入式实时操作系统应注意的几个问题.pdf
实时Linux操作系统初探,夏一民，罗军，邓胜兰,简述了实时操作系统的基本特点和要求，介绍了几种基于Linux的实时操作系统的实现原理，最后分析了各种实现方法的利弊并提出了实时Linux操作系统的发展目标。,,2001.0,,58,"Linux,实时操作系统,RTLinux,KURT,RTAI,RED-Linux",实时Linux操作系统初探.pdf
LINUX嵌入式操作系统在ARM上的移植,田家林，陈利学，寇向辉,"摘 要： 本文是基于ARM的平台上进行嵌入式操作系统LINUX的移植,其中ARM选用S3C2410。文中首先对Linux操作系统内核进行了介绍,然后对系统引导程序（Boot Loader）进行了设计,最后给出了Linux在ARM上的移植过程。",,2007.0,,76,"嵌入式系统,操作系统,Linux,ARM,S3C2410",LINUX嵌入式操作系统在ARM上的移植.pdf
VxWorks操作系统板级支持包的设计与实现,安军社，刘艳秋，孙辉先,"用于工业过程控制、通信和航天器上的嵌入式计算机对软、硬件的可靠性要求极高.对于软件较为复杂的嵌入式计算机系统,必须采用高可靠的实时多任务操作系统.处于操作系统和硬件之间的板级支持包(BSP Board Support Packge)的设计是一个复杂的过程,该文介绍了基于VxWorks操作系统的板级支持包以及板级支持包设计、调试中的问题.",,2003.0,,56,"嵌入式计算机,实时多任务操作系统,板级支持包",VxWorks操作系统板级支持包的设计与实现.pdf
嵌入式操作系统的研究现状及发展趋势,高伟华，杨子军,总结了嵌入式操作系统及嵌入式系统工业开发的特点。概括了嵌入式操作系统的发展和现状。介绍了目前常见的嵌入式操作系统及其实现技术。,,2002.0,,104,"嵌入式操作系统,嵌入式系统,计算机",嵌入式操作系统的研究现状及发展趋势.pdf
基于ARM的嵌入式Linux操作系统移植,范艳开,"近年来,随着计算机技术、通信技术的飞速发展,特别是互联网的迅速普及 和3C(计算机、通信、消费电子)合一的加速,微型化和专业化成为发展的新趋 势,嵌入式产品已经成为了信息产业的主流。 本论文的研究主要是基于ARM Integrator/CP硬件平台,它的内核模块采用 了ARM1136JF-S核的CPU,外部有128M的SDRAM和16M的FLASH;基板模块集 成了多种外设,其中有串口、网卡、鼠标、键盘、LCD、声卡等接口,同时还提供 有扩展插槽。该平台主要面向高性能的用户产品开发,适用于网络,智能终端的 研究。在此平台基础上,本文深入探讨和解决了Linux内核和外设驱动移植过程 中所面临的任务和难题。 论文首先提出了在ARM Integrator/CP平台上移植Linux2. 6的主要任务, 紧接着对嵌入式Linux的体系结构和设备驱动的开发模型作了较为深入的剖 析。然后,给出了启动引导代码Bootloader和Linux内核的启动分析以及移植 到硬件平台上的整个过程。最后,在对Linux内核驱动模型深入掌握的基础上, 实现了LCD帧缓冲显示设备和鼠标、键盘及其声卡驱动的移植。通过对Linux 内核和外设接口驱动程序的移植,为ARM Integrator/CP平台提供了操作系统的 支持,从而大大减少了复杂嵌入式产品的开发难度和开发周期。",,2005.0,,92,"嵌入式系统,Linux,ARM,内核,设备驱动",基于ARM的嵌入式Linux操作系统移植.pdf
三种通用嵌入式操作系统的分析与比较,陈立定 杨俊辉 肖力扬,"本文介绍了三种通用的嵌入式操作系统VxWorks、WindowsCE、Linux以及它们的各自的特点,并通过比较他们的优缺点分析他们各自适应的领域。",,2009.0,,61,"嵌入式操作系统,VxWorks,Wince,Linux,嵌入式系统,实时性,嵌入式实时操作系统,应用程序,内核,开发环境",三种通用嵌入式操作系统的分析与比较.pdf
uClinux系统分析及嵌入式操作系统的一个开发实例,刘玉兰，施绍萍，梅家骝,"结合开发基于MotorolaM6 8VZ32 8微处理器的嵌入式系统的实际经验 ,较为详细地探讨了uCLinux的特点及通过一个实例来介绍如何利用现有的Linux开放资源开发新的嵌入式操作系统。",,2002.0,,56,"嵌入式操作系统,uClinux系统",uClinux系统分析及嵌入式操作系统的一个开发实例.pdf
Android操作系统移植及应用研究,邵艳洁,"手机是现代人生活必不可少的工具,其发展经历了第一代手机、第二代手机和第三代手机三个阶段。手机按照操作系统分可分为智能手机和非智能手机两类,智能手机常用的操作系统有Android、塞班、Windows Mobile、MAC、黑莓和Palm等。近几年来由于Android的开放和开发快捷等特点,越来越多的智能手机使用Android作为操作系统,目前Android手机的市场份额已经跃居智能手机市场的第一位。考虑到Android广阔的市场前景,本文选择Android作为课题的研究对象。

	本文首先对手机的发展阶段、常用智能手机操作系统、Android目前国内外研究状况及本文的组织结构进行了简单的介绍。然后介绍了Android的四个特点,详细分析了Android的系统架构。

	其次,介绍了Devkit8000开发板的硬件资源,采用了先将Linux内核移植到Devkit8000开发板上,然后制作Android内核补丁打到Linux内核上的方式,把Android系统移植到了Devkit8000开发板上,具体工作包括制作交叉编译工具链、制作引导程序、制作可以在开发板上运行的Linux内核、生成Android内核补丁、制作Android文件系统,然后给出移植成果。

	第三,采用Eclipse+ADT的方式在Ubuntu系统下构建了Android应用程序开发环境,在详细研究Android应用程序开发的核心组件和应用程序生命周期的基础上,实现了音乐播放器和对对碰游戏两个Android应用程序,并在Android模拟器、Android手机上和移植了Android系统的Devkit8000开发板上进行验证。

	最后,对本文所做的工作进行了总结,并对后续工作进行了展望。",,,,71,Android；移植；Devkit8000；应用程序,Android操作系统移植及应用研究.caj
一种新的操作系统安全模型,李益发，沈昌祥,"机密性和完整性是操作系统安全的两个重要特性, BLP模型只解决了机密性的问题, 而Biba模型只解决了完整性的问题, 其他模型也都类似, 无法使二者同时兼顾. 基于一个特殊可信主体, 提出了一种新的操作系统安全模型, 融合了以上两种模型, 可以同时保持机密性与完整性.",,2006.0,,56,"操作系统,安全模型,BLP,Biba,形式化证明",一种新的操作系统安全模型.pdf
实时操作系统在星载计算机中的应用,李飞，王岩飞,"介绍在星载计算机中应用实时操作系统的两种方法:使用一种源码开放的RTOS--RTEMS和自主开发RTOS,并对两种方法进行比较.",,2004.0,,32,"实时操作系统,星载计算机,RTOS",实时操作系统在星载计算机中的应用.pdf
嵌入式实时操作系统核心的设计与实现,屈振新，曾庆伟,摘 要： 针对广泛使用的基于8051核的MCU，给出一个嵌入式实时操作系统核心的设计方案。具体阐述了时间片、任务调度、信号量和中断处理的实现。,,2002.0,,63,"嵌入式实时操作系统,任务调度,中断处理,设计",嵌入式实时操作系统核心的设计与实现.pdf
使用嵌入式Linux操作系统进行软件开发的特点及优势,沈可,简要介绍了嵌入式Linux软件开发的特点，分析了使用嵌入 式Linux进行软件开发所具有的优势。,,,,106,"嵌入式,Linux,软件开发,操作系统",使用嵌入式Linux操作系统进行软件开发的特点及优势.pdf
uClinux系统分析及嵌入式操作系统的一个开发实例,刘玉兰，施绍萍，梅家骝,"结合开发基于MotorolaM6 8VZ32 8微处理器的嵌入式系统的实际经验 ,较为详细地探讨了uCLinux的特点及通过一个实例来介绍如何利用现有的Linux开放资源开发新的嵌入式操作系统。",,2002.0,,56,"嵌入式操作系统,uClinux系统",uClinux系统分析及嵌入式操作系统的一个开发实例.pdf
试论经济管理类本科人才培养的实践教学体系,曾小彬,"理论教学与实践教学,既是同一教学活动的两个侧面,也是同一教学活动周期的两个环节.理论与实际相结合的原则要贯穿教学活动的始终,理论教学内容与实践教学内容要在教学计划中得到全面体现.经济管理类应用型本科人才培养实践教学内容体系由实训、实验、实习、毕业论文(或设计)四大部分组成.不能把支撑这一内容体系的实践教学平台仅仅归结为场所或空间形式,实践教学平台是存在于一定场所的相关的软硬件、教学文件、制度规范、实践项目的总和.",,,,124,"经济管理,本科人才培养,实践教学体系",试论经济管理类本科人才培养的实践教学体系.pdf
经济管理类统计学专业教学体系的改革与创新,曾五一，肖红叶，庞皓...,"本文介绍了近日获得国家级教学成果一等奖的统计学教学成果的基本内容,主要包括:制定新的教学规范、界定培养目标、设计课程体系和教学内容、编写系列教材、推动教学改革、构建新交流平台等。",,,,69,"经济,统计学,教学体系,改革",经济管理类统计学专业教学体系的改革与创新.pdf
新形势下企业经济管理创新研究,张玉庭,"随着信息时代和经济全球化新经济格局的形成,企业经济管理对于新形势下的企业而言尤为重要.企业要形成真正的核心竞争优势,必须重视新经济环境下企业经济管理的创新,从企业经济管理理念、企业经济管理制度、企业经济内部管控等三个方面,就新形势下企业经济管理创新的相关问题进行论述,为企业全面经济管理创新提供参见.",,2010.0,,107,"新形势,企业经济管理,创新,战略管理理念,危机意识,制度建设,内部控制",新形势下企业经济管理创新研究.pdf
经济管理类院校专业实验室建设的思考,瞿彭志,"对经济管理类院校建立专业实验室以配合教学改革情况进行研究。提出对建立经济管理类院校实验室的一些意见,这些意见包括对实验室规划的指导思想,建立的目的,硬件结构,配套的软件结构,以及实验室的管理。",,,,64,"经济类院,校专业实验室,实验室设施,实验室管理",经济管理类院校专业实验室建设的思考.pdf
经济管理专业实验室建设与管理初探,王玉潜，陈拥军，尹恩山...,"经济管理专业实验室建设作为学科建设和高校教育改革的重要内容得到越来越多高校的重视。该文通过对专业实验室建设模式和规律,以及实验室建设发展阶段和建设内涵的探索与研究,就专业实验室建设问题提出自己的思考和认识。",,,,47,"发展阶段,实验室建设,学科建设,模式与经验",经济管理专业实验室建设与管理初探.pdf
新环境下经济管理类教育的战略思考,周立群,（一）随着科教兴国基本国策的确立，经济及管理学科教育在增强综合国力和国际竞争力方面的作用日益提升，中国经济２０多年来的快速发展不仅为经济管理类教育的发展提供了巨大的需求，而且也导源于经济管理类教育在人力资源方面提供的积累。经济管理类教育不仅是我国高等教育,,2001.0,,31,"经济管理类,人才规格,人才培养,在校博士生,本专科在校生,在校硕士,管理类人才,地区高校,高水平大学,外向型人才",新环境下经济管理类教育的战略思考.pdf
新形势下企业经济管理的创新策略,程未,"在当前全新的环境和形势下,企业面临着更为复杂的经营环境和严峻的市场挑战,提高企业的管理技术,为企业的生产经营提供更多的支持已经成为一种极为迫切的需求.虽然很多企业已经认识到企业经济管理创新与改革的重要性,但是我国企业经济管理还存在很大的问题.本文从探讨当前大环境下企业经济管理创新的重要性和必要性两个方面入手,进而对新形势下企业的经济管理创新变革切入点进行了分析,最后从理念创新、战略创新、组织创新、人本创新、制度创新、加强内部控制等多个方面提出一些企业经济管理的创新策略.",,2012.0,,101,"企业经济管理,创新和变革,管理理念",新形势下企业经济管理的创新策略.pdf
浅谈现代企业经济管理模式的规范化,李汉军,"摘 要： 市场经济体制具有唯利性和竞争性等特点,现代我国经济发展迅速,企业面临着巨大的竞争压力,同时企业也在奋力追逐最大化的经济利益。企业的经营目的在于实现利润最大化,而通过规范企业经营管理模式,采用科学合理的经济管理手段,将有助于企业目的的实现。同时,企业经济管理模式从根本上决定企业的竞争实力,科学有效、先进合理的企业经济管理模式能够大大提升企业的竞争力。",,2010.0,,45,"现代企业,经济管理模式,规范化,实效化",浅谈现代企业经济管理模式的规范化.pdf
农业经济转型期农业经济管理学科发展的思考,王雅鹏，杨涛，张岳君,"农业经济在转型期具有不同的表现和特征,从而对农业经济学科的发展提出了一些新的要求,使新时期农业经济管理学科呈现出新的发展趋势。文章在对之进行认真分析总结的基础上,提出了一些有针对性的对策和建议,以期使新时期农业经济管理学科具有更强的适应性、前沿性和前瞻性。",,2003.0,,32,"农业经济管理学科,经济结构,现代信息技术,学科建设,农业经济转型期",农业经济转型期农业经济管理学科发展的思考.pdf
经济管理类专业的实验教学研究,赵公民,摘 要： 如何开设好经济管理类实验教学，是目前经济管理学科的重点探讨问题。文章从信息技术、实验教学的规划与设计、建立良好的实验教学平台、实验教学模式四个方面对经济管理类专业的实验教学进行了研究，提出了经济管理类实验教学的基本思路和框架。,,2004.0,,57,"经济管理类专业,实验教学,信息技沭,教学平台,教学模式,教学设计,知识管理",经济管理类专业的实验教学研究.pdf
经济管理类实验室建设实践与探索,乔兴旺，曹端，李洋...,"该文以重庆大学经济与工商管理学院经济管理类实验室为例,探索了经济管理类实验室的建设目标、建设原则、实验队伍建设、实验平台建设、实验教学建设、实验科研建设、实验室管理等基本问题。",,,,31,"经济管理,实验室建设,实验室管理",经济管理类实验室建设实践与探索.pdf
企业经济管理存在的问题及对策,毛伟,"摘 要： 本文主要介绍了企业经济管理的现状,企业经济管理中存在的问题:经营管理方式落后,组织方式落后,人力资源安排不合理等等。然后介绍了企业经济管理问题的对策。",,2011.0,,62,"企业,经济,经济管理",企业经济管理存在的问题及对策.pdf
剖析工程经济管理的风险及对策研究,向敏,"一、工程投标报价的风险 (一)企业竞标中的压价风险 在我国的建筑行业,在投标的过程中,企业会相互压价,这就存在着很大的风险问题.企业进行相互的压价是有很多的原因的:一方面,由于市场的作用,企业多而买方少,为了不让自己的员工和设备闲置,企业只能是压价中标,以免更大的损失.",,,,94,"风险问题,经济管理,工程,投标报价,建筑行业,设备闲置,政府招标,企业",剖析工程经济管理的风险及对策研究.pdf
经济管理类专业计算机模拟实践教学的探索与实践,□ 曾小彬,"经济管理类专业计算机模拟实践教学,是借助计算机技术,在实验室内模拟经济管理的实践条件与实践环境,通过组织学生参加模拟条件与模拟环境下的经济管理专业实践活动,培养学生的专业实践能力与开拓创新能力的教学活动。计算机模拟实践教学方式之所以能够进入经济管理类专业教",,2006.0,,30,"计算机模拟实践教学,模拟实习,经济管理类专业,实验教学中心,体验式教学,学生参与,组织学,教学活动,相结合,理论与实践",经济管理类专业计算机模拟实践教学的探索与实践.pdf
传统经济管理思想对当代经济管理实践的启示,陈勇勤,"传统经济管理思想对当代经济管理实践的启示表现在以下几个方面:(1)农地首先是自然资源,其次才是资本资源。土地公有为合理模式。(2)盐铁专营可作为生产管理、流通管理的典型形式,重农抑商的实质需要重新认识。(3)分配管理集中在土地政策和赋税地租上。消费管理以节俭为指导思想。(4)国政经济管理涉及财政管理、军费管理和户籍管理。货币金融管理直接影响到财政和经济贸易。",,2011.0,,25,"传统经济管理思想,当代经济管理实践,供求活动,国政经济",传统经济管理思想对当代经济管理实践的启示.pdf
公立医院经济管理绩效考评指标体系研究,应亚珍,"以公立医院经济管理公益性、服务效率和可持续发展为基本导向,提出了一套具有创新性的、完整的公立医院经济管理绩效考评指标体系,旨在反映公立医院经济管理现状、引导经济管理方向、促进经济管理认识和能力提升.",,,,22,"公立医院,经济管理,绩效考核,指标体系",公立医院经济管理绩效考评指标体系研究.pdf
人力资源经济管理工具在企业中的应用分析,王丹，于丽娜,"人力资源主要指的是企业与人力 资源相匹配的程度。传统意义上的人力资源主要是指员工从企业内部与社会教育中获得的有关知识与技能,并且这种类型的人力资源能够促进企业的成长与发展,企 业在日益激烈市场竞争中获得更好的生存与发展,提高自身的核心竞争力。本文主要对人力资源的内部管理结构进行阐述,同时提出有效的企业内部管理结果后策 略,促进企业的长远发展。",,2013.0,,19,"人力资源,管理,企业",人力资源经济管理工具在企业中的应用分析.pdf
信息技术在医院卫生经济管理中的应用研究,李景波,"摘 要： 随着社会主义市场经济的不断发展,医药卫生体制改革的深入推进,医疗市场竞争日趋激烈,军队医院既要服务民众,又要为军事卫勤斗争做保障准备,因此面临着双重挑战与压力。对于支撑经济体系高效运转,辅助科学决策的卫生经济管理工作需要不断提高平台与效率,将信息技术充分应用于卫生经济管理工作。本文介绍了本院在卫生经济管理中应用信息技术的经验与成效,供参考。",,2010.0,,20,"卫生经济管理,信息化,决策",信息技术在医院卫生经济管理中的应用研究.pdf
论政府经济管理的绩效,刘瑞,论政府经济管理的绩效刘瑞一、政府经济管理绩效的含义所谓政府经济管理的绩效，是指政府在经济管理活动中的结果及其成效。显然，研究政府经济管理的绩效有着非常重要的意义。第一，通过研究政府管理绩效，可以客观地判断政府经济管理是否成功。第二，提供政府今后行动努...,,1996.0,,26,"政府经济管理,非政府组织,管理效益,社会经济资源,政府行为,政府管理,政府占用,管理行为,综合评价指数,资源占用",论政府经济管理的绩效.pdf
经济管理混沌模型的控制域研究,姚洪兴，盛昭瀚，田立新,"在进行混沌控制时,有时要经过很长时间才到达目标轨道,有时甚至不能有效控制,正如在基于预测的反馈控制中看到的,究其原因一是混沌模型有时有多个不动点,二是混沌轨道的稠密性.提出一种等价关系,计算基于概率的动力系统的特征指数,给出混沌经济动力系统的不稳定周期轨道的有用信息,通过讨论特征指数的符号,选择有效的控制参数,得到相应的控制参数取值范围,从而得到混沌经济模型中的参数变量的混沌控制域.",,2003.0,,21,"经济管理模型,混沌控制域,概率动力系统,特征指数",经济管理混沌模型的控制域研究.pdf
经济管理现代化和经济管理发展新趋势,袁杰,"当今社会对经济管理发展的新趋势越来越重视,希望实现经济管理的现代化.经济管理现代化包括管理思想的现代化、管理组织的现代化、管理文化的现代化,代表了经济管理发展新趋势.基于此,我们应该把握经济管理现代化的新趋势,以便更好更快地推动社会经济的进步.",,2014.0,,52,"经济管理,现代化,发展新趋势",经济管理现代化和经济管理发展新趋势.pdf
工程经济管理风险和防范措施的思考,李多修，汪孝奎,"正工程经济学,是由实用工程学、经济学与管理学融合而成的一门综合学科。它以工程技术为载体,经济管理为依托,用经济学的理论和分析方法,具有理论面宽、政策性高、实践性强的特点。用工程经济学研究工程项目的可行性、投资评估、技术政",,2008.0,,51,"施工企业,防范措施,工程经济管理,管理风险,工程项目,施工方案,工程量清单,承包商,转移风险,建筑市场",工程经济管理风险和防范措施的思考.pdf
我国林业经济管理学科发展的探索,张建国,"简要介绍了林业与林业经济管理学科的产生与发展,进而说明了我国林业经济管理学科的发展历程,并根据新的形势发展需要,提出了林业经济管理学科发展的理论基础,以及博士、硕士研究生和本科生的发展方向和教学服务的问题.",,2004.0,,24,"林业,经济管理,学科发展",我国林业经济管理学科发展的探索.pdf
探究柔性管理在企业经济管理中的作用,付丽,"在现代企业管理中,柔性管理是一种新形式,也就是所谓的柔性经济管理.实际上,这种管理方式有它特殊的地方,因为人性化、民主化以及科学化是它的注重点.本文简要叙述了柔性管理的具体内涵以及特点,并对柔性管理在企业经济管理中的作用做了探究.",,2013.0,,62,"柔性管理,企业经济管理,作用,人性化,管理模式",探究柔性管理在企业经济管理中的作用.pdf
经济管理专业实验室若干问题研究,尹恩山,"建设经济管理类专业实验室已经成为我国经济管理学科高等教育发展的共识.本文针对经济管理专业实验室建设中普遍关心的问题,如建设的指导思想,分类与设置,建设方式,实验系统构造,资源建设,实验教学建设与管理等进行了较为系统的思考.",,2003.0,,54,"经济管理类专业实验室,实验室建设,实验教学,教学改革",经济管理专业实验室若干问题研究.pdf
高校经济管理类实验中心建设初探,陈永泰，何有世，李守伟...,"要培养具有创新精神和实践能力的经济与管理类高素质人才,必须改变与之相对应的人才培养观念、培养方式及培养内容,同时还必须要有良好的实验室建设作为体系保障.根据江苏大学经济管理系统实验室多年的建设和成功运行经验,结合经济管理类学科的性质要求,对经济管理类实验室中心化建设进行了初步探讨.",,2009.0,,30,"经济管理,实验室,实验教学",高校经济管理类实验中心建设初探.pdf
政府经济管理规范化与经济法制度创新,程信和,"本文从一般背景和特定背景阐述政府经济管理与经济法的内在关系,分析政府对国民经济实施规范化管理的法律前提,提出政府在国民经济管理领域中的作为与不作为,最后论述政府违法或者不当的经济管理行为的法律责任及补救措施.文章力图说明,在发展市场经济和参与经济全球化的新形势下,政府管理经济的观念、体制和方法都要与时俱进,这也就是经济法制度创新所谋求的目标.",,2002.0,,20,"政府经济管理,经济法,规范化,作为与不作为,法律责任,制度创新",政府经济管理规范化与经济法制度创新.pdf
浅谈工程经济管理风险及防范措施,张群伟,工程经济学（Enginccring Economics）是工程与经济的交叉学科，是研究工程技术实践活动经济效果的学科。即以工程项目为主体，以技术经济系统为核心。研究如何有效利用资源，提高经济效益的学科。工程经济学研究各种工程技术方案的经济效益，研究各种技术在使用过程中如何以最小的投入获得预期产出或者说如何以等量的投入获得最大产出；如何用最低的寿命周期成本实现产品、作业以及服务的必要功能。本文仅就风险和防范措施。从工程经济管理的角度谈点管窥之见。,,2011.0,,70,"工程经济,报价风险,管理风险,措施",浅谈工程经济管理风险及防范措施.pdf
地下水资源系统经济管理模型研究,谢新民,"本文阐述了地下水资源系统规划和管理研究的各自特点。提出了研究地下水资源系统规划和管理问题的新思路。对工程经济学原理和技术在地下水资源系统规划和管理研究中的应用进行了深入探讨。根据影子价格(Shadow price)的经济含义,提出制订供水价格的方法。",,1991.0,,31,"模拟模型,地下水资源系统,水资源系统规划,开发方案,经济目标函数,使用寿命,经济管理,模型研究,影子价格,管理研究",地下水资源系统经济管理模型研究.pdf
浅谈新形势下企业经济管理的创新,李玉庆,"在经济全球化这样一个大背景下,我国的市场经济迅猛发展,伴随而来的是我国的企业要跟上世界经济发展的步伐,不断进行企业革新,这就对企业的管理提出了一系列的创新要求,而企业的经济管理起着不可替代的作用,所以我们有必要研究新形势下企业经济管理的创新。本文将就目前中国经济发展形势,以及企业管理的现状、创新模式、方法等进行简要探讨。",,2011.0,,67,"企业,经济,管理,创新",浅谈新形势下企业经济管理的创新.pdf
关于新形势下企业经济管理的创新与实践的研究,张颖，任贵宏,"伴随着经济全球化的步伐不断加快,社会主义市场经济的不断发展,企业正面临着崭新的发展环境和发展压力。如何做好新形势下的企业经济管理创新对企业的良性发展至关重要。本文着重阐述了新形势下,企业经济管理面临的崭新环境以及做好新形势下企业经济管理创新与实践的重要性和必要性,指出了面临的关键问题,并且对新形势下做好企业经济管理创新的策略等相关问题做出了分析与探讨。",,,,57,"新形势,企业,经济管理,创新,研究",关于新形势下企业经济管理的创新与实践的研究.pdf
经济管理案例教学中的障碍及对策,李时椿，常建坤,"案例教学是国际上近年来十分流行的教学方法,是适合经济管理类教育的独特而有效的教学手段之一.我国高校案例教学起步晚,基础薄弱,在实施过程中还存在不少问题,应该从转变观念、加强案例资源建设、提高案例教学的研究和组织水平等方面入手,真正搞好案例教学.",,2002.0,,31,"经济管理,高等院校,案例教学",经济管理案例教学中的障碍及对策.pdf
国外高校经济管理实践教学研究,乔兴旺,"为进一步推进高校经济管理实践教学建设与发展,真正实现高校经济管理实践教学建设与发展预期目标,应当深刻剖析与理性借鉴国外高校经济管理实践教学在指导思想、教学目标、教学内容、教学形式、教学环境、教学队伍、教学管理等方面的经验。",,,,17,"实践教学,经济管理,国外高校",国外高校经济管理实践教学研究.pdf
经济管理类专业实验教学平台的构建探讨,钟守机，张晓青,"在分析了经济管理类专业主要实验教学功能要求的基础上,提出了构建专业基础课、专业课实验教学平台的设计思想,包括网络设计思想、硬件及软件建设思想.",,2004.0,,41,"经济管理,实验教学平台,构建",经济管理类专业实验教学平台的构建探讨.pdf
经济管理类大学生创业能力培养的实践与探索,王春明，莫光政,"摘 要： 培养学生的“就业能力、创业能力”,成为衡量优质高等教育核心竞争力的重要指标。正确认识大学生创业能力的形成和创业型人才的培养规律,努力探索财经类院校创业型人才培养体系,对于培养大学生创业能力具有重要的现实意义。",,2008.0,,31,"经济管理类大学生,创业能力,创业型人才,人才培养体系",经济管理类大学生创业能力培养的实践与探索.pdf
浅析加强企业经济管理的有效策略,陈霞，杨昌仁,"随着社会的进步,经济的快速增长,企业之问的竞争也越来越激烈,因此如何能使企业在激烈的竞争环境中取得最大的经济效益,成为各个企业负责人不断探索的问题.而在企业取得最大经济效益的过程中,起核心作用的就是企业的经济管理,只有先进的经济管理,才能使企业在生产、销售的过程中取得最大效益.本文针对如何加强企业的经济管理,做以下论述.",,,,53,"企业经济,经济管理,问题,策略",浅析加强企业经济管理的有效策略.pdf
新时期农业经济管理学科发展的思考,何忠伟，王艳霞，夏龙,"摘 要： 中国农业经济发展已经进入了新阶段,适应新阶段的需求,农业经济管理学科也在不断发展。本文作者分析了新时期""三农""发展的新阶段与新要求,介绍了农业经济管理学科的发展趋势,提出了农业经济管理学科发展的建议。",,2008.0,,20,"农业经济管理,学科,建设",新时期农业经济管理学科发展的思考.pdf
新形势下的企业经济管理创新与实践,朱华伦,"本文分析了经济管理的作用、新形势下企业经济管理的不足,并对如何进行创新实践提出了几点建议。",,,,44,"企业管理,经济管理,创新实践",新形势下的企业经济管理创新与实践.pdf
知识经济时代的我国企业经济管理,丁锋,"本文介绍了知识经济时代企业经济管理的特点,指出了我国企业在知识经济时代将遇到的挑战,并针对我国企业的特点,提出了企业的应对措施.",,,,64,"知识经济,知识管理,企业驱动模式",知识经济时代的我国企业经济管理.pdf
企业经济管理策略的创新探讨,马威,"现代企业经济管理涵盖许多方面,企业只有建立一套完善的经济管理体系,有效的整合人力,物资及生产,把握质量,品牌,市场三者之间的关系,才能发挥自己的竞争优势与最大效能,为企业创造利润,保证企业健康与可持续发展。",,,,52,"现代企业,经济管理,创新",企业经济管理策略的创新探讨.pdf
经济管理类专业实验室管理创新与实践,蔡晓，刘福金,"当前经管类实验室管理主要存在实验场地不够,实验设备利用率不高、实验室人员素质参差不齐、专职实验教师严重缺乏等问题.可以根据由教学管理创新、人员管理创新和开放管理创新构成的经管类实验室管理创新模型从实验教学过程管理创新、实验教学多元化创新、人员管理创新和实验室开放创新等方面创新管理,以培养社会需要的创新人才.",,,,18,"经济管理类,专业实验室,管理与创新",经济管理类专业实验室管理创新与实践.pdf
试论当代企业经济管理问题的研究,田衡,"当代企业经济管理主要包括企业内部的审核、人力资源、生产等多方面的管理,要提升企业的市场竞争力,加强企业经济管理非常重要。本文主要阐述当前我国企业经济管理体系的大致构成,分析企业经济管理方面所存在的问题,并根据分析,对加强经济管理的措施进行简要论述。",,2011.0,,47,"企业经济管理,体系组成,存在问题,强化措施",试论当代企业经济管理问题的研究.pdf
医院卫生经济管理标准化的研究与应用,李信春，张铎，黄茂辉...,"目的 为了实现医院成本核算和卫生经济管理自动化奠定基础。方法 根据确定的研究思路和原则 ,利用军卫工程Ⅰ号中与医院卫生经济有关的各种数据、搜集、整理各类检查、治疗、处理、化验等操作名称 ,确定规范的标准名称 ,建立诊疗信息和医疗服务收费价格字典库等。结果 历时 3年 ,确立了医院卫生经济管理方面的系列分类标准 ,建立了各系统的词典库 ,并编配计算机标准代码 ,完成了数万条医疗服务项目与各种收费价格、医嘱、会计科目、成本核算、病案首页等之间的对应关系。结论 实现了各系统间数据的自动收集、统计和信息共享 ,在医院成本核算和卫生经济管理的计算机和网络化应用取得成功",,2000.0,,19,"医院管理,卫生经济,标准化,研究",医院卫生经济管理标准化的研究与应用.pdf
发达国家对国有经济管理的经验借鉴,李华,"国有经济作为与国家所有权相联系的经济范畴,并非为社会主义制度所独有,而是当今世界各国普遍存在的一种经济现象.研究市场经济条件下,西方发达国家国有 经济产生的客观基础及其发展演变的历史,总结各国政府管理和调控国有企业的成功经验,对于我国目前正在深入进行的国有经济战略性调整和国有企业组织形式与 经营机制的改革,无疑可以提供一些有益的启示和借鉴,因而具有重要的现实意义.",,2001.0,,36,"国有企业,国有经济,国有企业改革,发达国家政府,非国有化,西方发达国家,董事会,计划合同,股权结构,法人财产权",发达国家对国有经济管理的经验借鉴.pdf
浅谈如何强化创新企业经济管理,刘霞,"新环境,新形势对我国企业既是机遇,更是挑战.强化管理、管理创新已成为企业制胜的根本保证.企业经济管理创新必须深化企业改革,建立现代企业制度,从战略的高度去推动企业的经济管理创新.",,2010.0,,60,"企业,经济管理,创新",浅谈如何强化创新企业经济管理.pdf
试论新形势下企业经济管理的创新策略,何慧娟,"随着全球化经济浪潮的来袭,我 国经济发展的形势不断改变,企业在经济管理上面临着巨大的挑战,创新成为企业经济管理的突破口。通过新形势下的创新策略,改革企业的管理模式,创新企业的 管理理念,积极努力的探索创新之路,才能使企业在新形势下屹立不倒,更好地应对日益激烈的市场竞争。文章结合目前我国经济形势,讨论了企业经济管理创新的 必要性和重要性,针对性地提出一系列具有建设性的企业经济管理的创新策略。",,,,48,"经济管理,创新,新形势",试论新形势下企业经济管理的创新策略.pdf
企业经济管理改革研究,任娟,改革是企业不断发展前进的血脉，是企业在新环境、新形势下发展的 不竭动力，更是企业凝聚真正核心竞争力的必要手段。本文主要从当前我国企业经济管理中的缺陷、企业经济管理改革的必要性以及当前我国企业经济管理改革的策 略这三个方面对企业经济管理改革进行研究分析，以期提出一些适合我国当前形势下企业经济管理改革的建议。,,2012.0,,34,"核心竞争力,企业经济管理,改革策略",企业经济管理改革研究.pdf
关于经济管理体制改革的几个问题,马洪,"正 一为什么要改革经济管理体制什么是经济管理体制?经济管理体制总的来说就是经济关系。经济体制也包括经济管理工作,因此,它又涉及到上层建筑。但是从本质来说,它是生产关系,即经济关系。而经济关系也就是物质利益关系。改革经济管理体制,就是调整和改善经济关系,也就是调整和改善国民经济中各个方面的物质利益关系。在全民所有制经济中,有中央和地方的关系,国家和企业的关系,企业",,,,16,"经济管理体制,企业自主权,管理体制改革,社会主义商品经济,社会主义经济,经济体制改革,经济效果,全民所有制,高度集中,经济中心",关于经济管理体制改革的几个问题.pdf
浅谈我国高速公路经济管理,彭春莉,"随着我国高速公路建设的不断发展和公路市场改革的不断深入,交通基础设施建设项目尤其是高速公路项目属投资大、资金密集型行业,为此,加强高速公路经济管理的研究具有重要意义.文章论述了经济管理的措施,高速公路经济管理体制的必要性,指出既要培育、完善和发展运输市场,又要采用科学的切实可行的管理模式,建立一个统一、开放、竞争、有序的运输市场.",,2009.0,,57,"高速公路,经济管理,运输市场,管理模式",浅谈我国高速公路经济管理.pdf
经济管理实验教学与实验室改革的相合性分析,王守茂，刘栋，吴中元...,"摘 要： 分析了传统经济管理实验室和实验教学的弊端与现状,探讨了经济管理实验室与实验教学改革的内容,提出了实验室建设与发展必须围绕实验教学改革,为理论教学服务,只有这样才能使两者相互促进、协调持续发展.",,2001.0,,37,"理论教学,实验教学,实验室,实验改革,经济管理,教学改革,高校",经济管理实验教学与实验室改革的相合性分析.pdf
非对称信息博弈论与经济管理方法,□ 李睿,１新古典微观经济环境近现代西方微观经济学描绘了这样一种经济环境：整个社会中买卖双方的信息都是完全的，即完全地知己知彼；局中人的数目如此之多，以致于任何一个局中人的行为给其他局中人造成的影响小到可以忽略；消费者根据自己的偏好和市场既定价格，在收入约束下...,,1999.0,,23,"非对称信息,博奕论,经济管理方法",非对称信息博弈论与经济管理方法.pdf
市场经济条件下企业经济管理模式,沈莉莉,"摘 要： 本文根据自己经济管理的实践,结合管理的系统方法与过程方法对如何建立完善的企业经济管理体系并科学实施进行探讨,以期对当前各类经济实体有所借鉴。",,2011.0,,45,"现代企业,经济管理,模式,管理体系",市场经济条件下企业经济管理模式.pdf
市场经济条件下政府经济管理职能定位及其实现,刘文俭，姜亦凤,摘 要： 处于体制转轨和社会转型期的中国，必须调整和重构政府经济管理职能，以更好地服务经济基础。市场经济条件下的政府经济管理职能，由宏观经济和微观经济两个层面的管理职能及其相应手段组成，长期以来政府职能在整体上存在的“越位、错位和缺位”问题，实际上也就是我国政府经济管理职能定位中存在的问题。解决政府经济管理职能定位中的问题，需要以适度性为基本准则、以科学发展观为指导、以建设和谐社会为终极目标。研究政府经济管理职能定位及其实现，既要从政府自身、企业和第三部门等主体角度进行探讨：也需从职能方面，按照“越位”要“退位”，“缺位”要“补位”的恩路，强化宏观经济管理，弱化微观经济管理，科学划分中央与地方的经济管理职能权限。,,2008.0,,17,"市场经济,政府,经济管理职能",市场经济条件下政府经济管理职能定位及其实现.pdf
元分析方法在国内外经济管理研究中的应用比较,王永贵，张言彩,"Meta分析(元分析)是指用统计学方法对收集的多个研究资料进行分析和概括,以提供量化的平均效果来回答研究的问题.其优点是通过增大样本含量来增加结论的可信度,解决研究结果的不一致性。Meta分析是对同一课题的多项独立研究的结果进行系统的、定量的综合性分析。它是文献的量化综述,是以同一课题的多项独立研究的结果为研究对象,在严格设计的基础上,运用适当的统计学方法对多个研究结果进行系统、客观、定量的综合分析。作为一种有效的文献综合分析法,在国外,元分析被广泛的应用于文献的计量分析。本文紧紧围绕元分析法的应用,通过检索国内外重要的经济管理研究论文数据库,对1990～2010年发表的经济学、管理学类论文进行了筛选和分析,沿着样本容量、效应值、异质性检验、统计模型报告、使用的统计软件、出版偏倚分析这六个维度,专门对应用元分析法的经济管理研究文献的现状与问题进行了国际比较。研究发现,在国外的经济管理研究中,元分析已经得到了广泛的应用,但不少中国学者对这种方法尚缺乏足够的了解,在中国经济管理研究中的应用也异常有限,而且仅仅是最近几年才得到了关注。同时,通过对涉及元分析的所有经济管理的国内与国际研究文献进行系统的分析和比较后发现,现有多数研究不仅没有严格遵循元分析的科学步骤,其规范程度也存在致命缺陷,从而对相关研究结论的科学性和适用性构成了十分严峻的挑战。本文从量化的视角,对比了国内外应用元分析进行文献综述的成果,发现了其中存在的一些问题,并对如何规范元分析的实际应用提出了有关建议。",,2012.0,,11,"元分析,文献综述,经济管理,误区,国际比较",元分析方法在国内外经济管理研究中的应用比较.pdf
论知识经济的报酬递增特点及其经济管理意义,王建安,报酬递增是知识经济的基本特点，可以说知识经济在本质上就是报酬递增的经济。本文基于作者对报酬递增现象的多年研究，深入探讨了知识经济作为报酬递增经济对经济管理的理论和实践产生的深远影响。,,1999.0,,17,"知识经济,报酬递增,经济管理意义",论知识经济的报酬递增特点及其经济管理意义.pdf
经济管理专业实践教学模式研究,尹铁岩，王珏辉,摘 要： 综述了各种实践教学方法的应用状况，比较了各种实践教学模式的特点，确定博弈竞争型综合模拟平台应为经济管理类专业实践教学的最佳选择，并提出了这一平台建立过程中的原则和应注意的问题。,,,,21,"模拟,仿真,实践教学",经济管理专业实践教学模式研究.pdf
经济管理方法类课程实验教学的问题与对策,许涤龙，李正辉，王佳,"摘 要： 在论述经济管理方法类课程实验教学意义的基础上,通过在校经济管理类专业本科生的问卷调查,对经济管理方法类课程实验教学课程的设置、需求和已经开设实验教学课程的效果等方面进行了分析。从实验教学开设时间、实验教学课程体系、教师适用性和实验教学环境等方面分析了问题产生的原因,并针对问题提出了相应的对策。",,2010.0,,14,"经济管理,方法类课程,实验教学,问卷调查",经济管理方法类课程实验教学的问题与对策.pdf
现代企业经济管理创新内容及方法,王秀丽,"现代企业在发展的过程中,在自身的体制方面不断的进行创新,以便更加的适应不断发展的经济形势.在全球经济一体化进程加快的趋势下,企业在经济管理方面也在进行着调整,为了适应国际化市场的发展需求,那么企业就要经济管理模式进行创新,采用科学的管理方法来对企业的发展做出共享.本文针对日益发展的经济社会,在企业的经济管理创新方面进行相应的论述,阐述了创新的内容以及方法,供相关的企业借鉴.",,2012.0,,32,"企业,经济管理,创新内容",现代企业经济管理创新内容及方法.pdf
对经济管理类专业实验教学体系构建的研究,潘光辉,"摘 要： 根据该校的特点,对实验教学体系进行了研究和探索,提出了“两模块三层次”的实验教学体系,并从构成要素、内容结构及具体的建设措施和管理进行了阐述。",,,,30,"实验教学体系,构建,两模块三层次,管理",对经济管理类专业实验教学体系构建的研究.pdf
高等学校经济管理类旅游专业实践教学体系的建立,汪京强,"通过分析我国高等学校经济管理类旅游专业教学体系的现状和存在的一些问题,指出目前我国高等学校旅游专业实践教学还处在探索阶段,众多高校对人才培养的目标并不是很明确,无法完全适应旅游行业对人才的需求,从而对比国外旅游高校的教学模式,对我国高校旅游专业提出一系列的改革措施。指出旅游实践体系建立的重要性,以及对旅游实践教学的几种模式进行了研究,并提出了建立旅游实践教学体系的方式。",,2005.0,,43,"高等学校,旅游专业,教学体系,实践教学",高等学校经济管理类旅游专业实践教学体系的建立.pdf
探究柔性管理在企业经济管理中的作用,袁金坤,"在我国经济转型还不够成熟的背景下,现代企业的管理运营面临着很多的问题.企业的发展既要实现经效益又要兼顾社会效益,这就要求管理部门采取人性化和弹性化的管理模式和管理方法.柔性管理,既是符合这种要求的现代管理模式.",,2013.0,,30,"柔性管理,人性化,核心价值",探究柔性管理在企业经济管理中的作用.pdf
分析我国房地产经济管理中存在的问题与对策,王向前,"随着房地产经济的快速发展,其已经成为我国国民经济产业的重要组成部分,在改善人们居住条件、提高地方财政收入、带动其他产业发展等方面发挥着不可忽视的作用。但是,当前我国房地产经济的繁荣仅停留在表面现象,其在管理中仍然存在着诸多亟待解决的问题,如不予以妥善处理势必影响房地产市场的健康持续发展。基于此现状,本文通过对我国房地产经济管理中存在的问题进行分析,进而提出应对之策。",,,,38,"房地产市场,经济管理,管理机制,泡沫经济",分析我国房地产经济管理中存在的问题与对策.pdf
经济管理专业实践教学模式研究,尹铁岩，王珏辉,摘 要： 综述了各种实践教学方法的应用状况，比较了各种实践教学模式的特点，确定博弈竞争型综合模拟平台应为经济管理类专业实践教学的最佳选择，并提出了这一平台建立过程中的原则和应注意的问题。,,,,21,"模拟,仿真,实践教学",经济管理专业实践教学模式研究.pdf
经济管理类大学生创业能力要素体系探索,杨伦超,摘 要： 创业能力要素，实际上就是创业者所具有的各种能力资源，不同的创业能力要素所起的作用是不同 的。心理要素是经济管理类大学生创业能力要素体系中最关键的内容，创业环境对他们创业心理的形成和创业能力的培养具有很大的影响。一个创业型企业的产生， 是创业者自身能力要素与社会创业环境要素整合的结果。,,2008.0,,25,"创业能力,创业能力要素,创业能力形成",经济管理类大学生创业能力要素体系探索.pdf
经济管理方法类课程实验教学的问题与对策,许涤龙，李正辉，王佳,"摘 要： 在论述经济管理方法类课程实验教学意义的基础上,通过在校经济管理类专业本科生的问卷调查,对经济管理方法类课程实验教学课程的设置、需求和已经开设实验教学课程的效果等方面进行了分析。从实验教学开设时间、实验教学课程体系、教师适用性和实验教学环境等方面分析了问题产生的原因,并针对问题提出了相应的对策。",,2010.0,,14,"经济管理,方法类课程,实验教学,问卷调查",经济管理方法类课程实验教学的问题与对策.pdf
现代企业经济管理创新内容及方法,王秀丽,"现代企业在发展的过程中,在自身的体制方面不断的进行创新,以便更加的适应不断发展的经济形势.在全球经济一体化进程加快的趋势下,企业在经济管理方面也在进行着调整,为了适应国际化市场的发展需求,那么企业就要经济管理模式进行创新,采用科学的管理方法来对企业的发展做出共享.本文针对日益发展的经济社会,在企业的经济管理创新方面进行相应的论述,阐述了创新的内容以及方法,供相关的企业借鉴.",,2012.0,,32,"企业,经济管理,创新内容",现代企业经济管理创新内容及方法.pdf
经济管理类本科生毕业论文存在的问题及对策,李晓钟,"毕业论文是经济管理类学科实现培养目标的重要教学环节。文章分析了目前经济管理类本科生毕业论文中存在的问题及其原因,提出了提高毕业论文质量的若干对策与建议。",,2007.0,,16,"毕业论文选题,本科教学质量,对策,建议,毕业论文质量,经济管理类,本科生,大学生,指导教师,管理类学科",经济管理类本科生毕业论文存在的问题及对策.pdf
对农林经济管理学科建设与创新的思考,王雅鹏,"农村工业化、城市化,农业市场化、国际化,农民非农化以及农村产业结构的不断调整和升级换代,农 村经济的全面转轨和知识经济时代的迅速到来,要求以服务三农为宗旨,以推动经济发展为已任的农林经济管 理学科与之相适应,必须进行学科建设与创新。文章在认真分析了农林经济管理学科所面临的形势与挑战的基 础上,提出了认真处理好传统专业和新生专业、教学与科研、理论与实践、人才培养与事业发展、本科教育和研究 生教育等七个方面的关系,凝炼学科方向,搭建学科平台,培养学术梯队与科研团队,营造良好的学科发展环境 及氛围等学科建设与创",,,,14,"农林经济管理学科,农业及农村经济发展,人才培养",对农林经济管理学科建设与创新的思考.pdf
分形理论及其在经济管理中的应用,卢方元,"分形是一种复杂的几何形体,其特征是组成部分以某种方式与整体相 似、维数是分数维.分形理论诞生于20世纪70年代中期,现已成为复杂性科学的重要组成部分,被广泛应用于资本市场、企业管理、城市规划、人口研究等诸多 领域,如分形资本市场理论、分形企业管理模式等的应用大大提高了经济管理的效率.",,2004.0,,24,"分形理论,分维,经济管理",分形理论及其在经济管理中的应用.pdf
高等学校经济管理类旅游专业实践教学体系的建立,汪京强,"通过分析我国高等学校经济管理类旅游专业教学体系的现状和存在的一些问题,指出目前我国高等学校旅游专业实践教学还处在探索阶段,众多高校对人才培养的目标并不是很明确,无法完全适应旅游行业对人才的需求,从而对比国外旅游高校的教学模式,对我国高校旅游专业提出一系列的改革措施。指出旅游实践体系建立的重要性,以及对旅游实践教学的几种模式进行了研究,并提出了建立旅游实践教学体系的方式。",,2005.0,,43,"高等学校,旅游专业,教学体系,实践教学",高等学校经济管理类旅游专业实践教学体系的建立.pdf
分析我国房地产经济管理中存在的问题与对策,王向前,"随着房地产经济的快速发展,其已经成为我国国民经济产业的重要组成部分,在改善人们居住条件、提高地方财政收入、带动其他产业发展等方面发挥着不可忽视的作用。但是,当前我国房地产经济的繁荣仅停留在表面现象,其在管理中仍然存在着诸多亟待解决的问题,如不予以妥善处理势必影响房地产市场的健康持续发展。基于此现状,本文通过对我国房地产经济管理中存在的问题进行分析,进而提出应对之策。",,,,38,"房地产市场,经济管理,管理机制,泡沫经济",分析我国房地产经济管理中存在的问题与对策.pdf
